analog,analog_sterr,photon_counting,pc_sterr,overflow_info
28.9665,0.166826,176.16,0.899132,0.0
67.2555,0.400356,195.052,0.864446,0.0
274.883,2.3517,114.036,1.37862,0.0
473.252,0.0704069,1.2828,0.143848,0.0
473.457,0.0,0.0,0.0,0.0
473.457,0.0,0.0832986,0.0370671,0.0
473.457,9.01586e-06,24.0566,0.671969,0.0
473.457,1.5567e-05,14.0608,0.550566,0.0
473.457,0.0,5.34777,0.323062,0.0
473.457,0.0,14.0608,0.502616,0.0
473.457,0.0,45.2811,0.827379,0.0
473.457,0.0,93.2278,1.03176,0.0
473.457,0.0,145.906,1.06202,0.0
473.457,6.3565e-06,124.831,1.04672,0.0
473.457,0.0,87.097,0.906954,0.0
473.457,0.0,80.0666,0.877368,0.0
473.457,0.0,83.182,0.876688,0.0
473.457,0.0,97.8426,0.900833,0.0
473.457,0.0,113.203,0.935519,0.0
473.457,0.0,117.518,0.914095,0.0
473.457,0.0,121.299,0.918516,0.0
473.457,0.0,138.659,0.94062,0.0
473.457,0.0,162.349,0.928378,0.0
473.457,0.0,180.491,0.880769,0.0
473.457,0.0,194.619,0.878388,0.0
473.457,0.0,199.65,0.853904,0.0
473.457,6.3565e-06,202.149,0.893351,0.0
473.457,6.3565e-06,205.831,0.867846,0.0
473.457,0.0,203.032,0.903553,0.0
473.457,6.3565e-06,204.048,0.898792,0.0
473.457,0.0,202.849,0.903553,0.0
473.457,0.0,203.415,0.877028,0.0
473.457,6.3565e-06,202.682,0.894712,0.0
473.891,0.0620667,200.317,0.882129,1.0
476.361,0.164349,202.466,0.881449,1.0
481.365,0.239834,200.283,0.891651,1.0
495.604,0.190114,201.166,0.88451,1.0
500.0,0.0,202.632,0.866146,1.0
500.0,0.0,200.5,0.883829,1.0
499.97,0.0120912,201.949,0.889271,1.0
498.042,0.148139,203.665,0.871927,1.0
490.442,0.422541,202.832,0.883829,1.0
465.149,0.703001,203.748,0.912055,1.0
417.908,0.72233,201.333,0.88485,0.0
369.574,0.686301,202.566,0.880769,0.0
323.09,0.674005,201.699,0.877708,0.0
277.334,0.643478,203.099,0.904573,0.0
233.654,0.600632,203.765,0.879409,0.0
192.702,0.555458,204.598,0.893691,0.0
155.074,0.495442,202.965,0.896072,0.0
122.217,0.428353,203.082,0.858325,0.0
94.6666,0.361801,200.45,0.874308,0.0
72.7006,0.296678,199.2,0.877028,0.0
55.7832,0.240617,199.817,0.874988,0.0
42.6461,0.192137,197.568,0.906614,0.0
32.8523,0.151191,195.668,0.881789,0.0
25.7191,0.120981,193.07,0.867846,0.0
20.1453,0.0972202,192.17,0.863426,0.0
16.0836,0.076928,192.403,0.853564,0.0
13.536,0.0620399,191.17,0.900833,0.0
11.6856,0.0510768,189.404,0.840641,0.0
10.0987,0.0428676,187.489,0.852203,0.0
8.92113,0.0367792,187.389,0.851523,0.0
8.15274,0.0333301,183.657,0.853224,0.0
7.61458,0.0315506,182.374,0.856624,0.0
7.21335,0.0287693,181.008,0.8335,0.0
6.91357,0.0280839,179.509,0.862405,0.0
6.67014,0.02683,176.643,0.848803,0.0
6.51154,0.0267026,174.761,0.847102,0.0
6.40289,0.0255196,174.161,0.865126,0.0
6.32466,0.0247371,172.495,0.866486,0.0
6.27762,0.0240116,169.196,0.83554,0.0
6.21449,0.023526,170.446,0.8352,0.0
6.16209,0.0233563,167.813,0.856284,0.0
6.1345,0.0233395,165.498,0.851183,0.0
6.07127,0.0226873,163.882,0.852543,0.0
6.01641,0.022114,163.998,0.839961,0.0
5.96651,0.0218352,163.415,0.839621,0.0
5.8477,0.0208815,161.349,0.851523,0.0
5.73339,0.0209214,160.866,0.839621,0.0
5.69278,0.0196991,158.167,0.83486,0.0
5.64302,0.0199763,159.234,0.860025,0.0
5.59863,0.0194996,155.252,0.848803,0.0
5.56691,0.0189097,155.535,0.839621,0.0
5.54284,0.0185705,152.82,0.849143,0.0
5.53285,0.018408,153.203,0.824998,0.0
5.52957,0.0181381,152.786,0.83554,0.0
5.54643,0.0183665,150.521,0.861725,0.0
5.55373,0.0182255,148.488,0.843022,0.0
5.56311,0.017634,149.621,0.838941,0.0
5.57651,0.017774,148.705,0.841661,0.0
5.61222,0.017014,148.588,0.848463,0.0
5.66781,0.0167292,145.739,0.848803,0.0
5.71989,0.0167716,147.772,0.845062,0.0
5.76033,0.0167551,144.173,0.866826,0.0
5.77911,0.0168822,144.307,0.847783,0.0
5.82354,0.0168941,143.69,0.83486,0.0
5.86736,0.0163057,144.34,0.848123,0.0
5.90547,0.0161387,142.141,0.831119,0.0
5.95422,0.0160862,144.04,0.857304,0.0
5.97875,0.0159072,142.84,0.844722,0.0
6.00111,0.0156789,142.807,0.855944,0.0
6.05251,0.0161349,141.141,0.842001,0.0
6.08019,0.0157275,140.425,0.851183,0.0
6.09607,0.0156613,139.325,0.856284,0.0
6.14248,0.0156786,140.575,0.853904,0.0
6.21719,0.015662,139.608,0.831119,0.0
6.26284,0.0158118,139.925,0.801874,0.0
6.26945,0.0154739,138.492,0.855264,0.0
6.27149,0.0151744,137.443,0.829079,0.0
6.28722,0.0153667,138.959,0.844722,0.0
6.3213,0.0152301,136.26,0.837581,0.0
6.34733,0.0153943,136.61,0.842682,0.0
6.40135,0.0150511,137.776,0.842001,0.0
6.45435,0.0149365,136.06,0.83282,0.0
6.47263,0.0152703,136.177,0.830439,0.0
6.4943,0.014858,136.177,0.869887,0.0
6.52143,0.0148669,136.243,0.821257,0.0
6.53929,0.0145616,134.994,0.841661,0.0
6.54747,0.0148554,135.277,0.842001,0.0
6.56079,0.015108,134.944,0.830779,0.0
6.5809,0.0145666,133.528,0.8352,0.0
6.60307,0.0147917,133.061,0.842342,0.0
6.59074,0.0148379,133.628,0.861385,0.0
6.60668,0.0147561,134.061,0.847443,0.0
6.65462,0.01441,134.361,0.865466,0.0
6.66432,0.0143539,132.428,0.83588,0.0
6.65794,0.0144839,132.062,0.849143,0.0
6.64333,0.014237,133.028,0.842342,0.0
6.64928,0.0141249,130.812,0.855264,0.0
6.6739,0.0143181,132.328,0.849483,0.0
6.66975,0.0140672,130.079,0.857644,0.0
6.67251,0.0141487,130.346,0.83384,0.0
6.6979,0.0143263,128.913,0.848123,0.0
6.67958,0.0138325,129.246,0.828059,0.0
6.66647,0.0138473,130.212,0.83316,0.0
6.68478,0.0137712,129.613,0.838261,0.0
6.66054,0.0138922,127.147,0.873628,0.0
6.61447,0.0136438,127.364,0.846082,0.0
6.60077,0.0138924,127.397,0.849483,0.0
6.60553,0.0135027,126.264,0.842001,0.0
6.60925,0.0135491,126.247,0.848463,0.0
6.59239,0.0135617,125.065,0.861725,0.0
6.57319,0.0132347,124.348,0.873287,0.0
6.56633,0.0135601,123.965,0.831459,0.0
6.56798,0.0132112,124.448,0.856624,0.0
6.55393,0.0133202,124.415,0.853904,0.0
6.5465,0.0128784,122.899,0.83622,0.0
6.54022,0.0128319,123.015,0.851523,0.0
6.50369,0.0128547,121.233,0.825338,0.0
6.46722,0.0128784,121.833,0.848463,0.0
6.46033,0.0133499,120.966,0.847102,0.0
6.44394,0.0129175,119.4,0.813096,0.0
6.40324,0.012434,116.968,0.854924,0.0
6.37317,0.0125619,118.751,0.857644,0.0
6.3367,0.0126519,115.502,0.848803,0.0
6.31374,0.0124272,116.535,0.843362,0.0
6.30214,0.0123611,115.569,0.844382,0.0
6.27181,0.0126339,115.235,0.848463,0.0
6.24089,0.0121829,113.303,0.857644,0.0
6.21018,0.0119956,112.07,0.858325,0.0
6.18149,0.0118093,112.786,0.851863,0.0
6.16137,0.011648,112.82,0.83418,0.0
6.13859,0.0117211,111.17,0.852884,0.0
6.10533,0.0116332,109.804,0.83418,0.0
6.07432,0.0113664,108.488,0.844382,0.0
6.05717,0.0111823,109.088,0.847102,0.0
6.03317,0.0112097,107.155,0.842001,0.0
5.99428,0.0112113,106.306,0.843702,0.0
5.9686,0.0111828,105.456,0.850843,0.0
5.94715,0.0114673,104.29,0.841321,0.0
5.91725,0.0109552,104.873,0.861045,0.0
5.89883,0.0106228,104.34,0.83588,0.0
5.86616,0.0106789,100.791,0.828399,0.0
5.81939,0.0103262,101.075,0.829419,0.0
5.80173,0.0104667,99.7918,0.848463,0.0
5.78065,0.0104468,99.1587,0.853564,0.0
5.74309,0.0101771,97.2095,0.820237,0.0
5.71128,0.00997874,98.4257,0.845062,0.0
5.68066,0.00982936,96.2432,0.830099,0.0
5.66668,0.00994559,96.4931,0.827379,0.0
5.64602,0.010181,95.8267,0.827379,0.0
5.59613,0.00982664,92.2449,0.843702,0.0
5.57171,0.00962576,93.3778,0.848803,0.0
5.56568,0.009502,93.561,0.83316,0.0
5.53162,0.00949454,89.6626,0.823638,0.0
5.50135,0.00951218,90.1291,0.8335,0.0
5.4932,0.00964262,90.9121,0.83588,0.0
5.46387,0.00924554,87.7634,0.846762,0.0
5.42253,0.00907813,85.9475,0.843022,0.0
5.41474,0.0092253,86.9304,0.83554,0.0
5.3981,0.00906172,85.2145,0.829759,0.0
5.37618,0.00913832,85.4477,0.838601,0.0
5.36022,0.0089148,84.0983,0.83656,0.0
5.32703,0.00874246,83.915,0.842682,0.0
5.3001,0.008498,82.9155,0.8318,0.0
5.27978,0.00863032,80.4831,0.8335,0.0
5.25442,0.0083483,79.5502,0.805955,0.0
5.2409,0.00810299,79.4002,0.827039,0.0
5.22497,0.00816078,77.9175,0.831459,0.0
5.19621,0.00851895,77.0512,0.816497,0.0
5.17204,0.00827623,78.2007,0.815136,0.0
5.1587,0.00798766,75.0021,0.822278,0.0
5.13716,0.00803877,75.3353,0.817517,0.0
5.11863,0.00796567,74.469,0.816157,0.0
5.11594,0.00800277,73.8026,0.83554,0.0
5.08706,0.00785593,71.4869,0.801874,0.0
5.05606,0.00772653,71.8867,0.83588,0.0
5.04571,0.00762962,70.3873,0.787931,0.0
5.03606,0.00747428,69.1379,0.803234,0.0
5.02127,0.00754511,69.4877,0.805274,0.0
4.99675,0.00753843,68.5548,0.798813,0.0
4.96917,0.00742946,66.7389,0.777389,0.0
4.95783,0.00736382,67.0721,0.799833,0.0
4.94238,0.00734624,65.2062,0.786571,0.0
4.90853,0.00716689,65.5394,0.798813,0.0
4.89148,0.00697341,63.5569,0.786571,0.0
4.8902,0.00708653,63.3236,0.803574,0.0
4.86912,0.00696543,62.7239,0.794732,0.0
4.84978,0.00693242,61.7909,0.778069,0.0
4.84097,0.0067102,60.9579,0.778069,0.0
4.82035,0.00670663,59.3419,0.778409,0.0
4.79831,0.00656497,57.9259,0.769228,0.0
4.78679,0.00662847,57.2262,0.78215,0.0
4.77334,0.00634438,57.9925,0.772968,0.0
4.75793,0.0064189,56.4098,0.768887,0.0
4.74045,0.00639023,54.6439,0.78147,0.0
4.72974,0.00638388,56.6097,0.77977,0.0
4.72357,0.00626557,54.2107,0.761746,0.0
4.70744,0.00625136,54.0108,0.748484,0.0
4.68961,0.0061337,53.6443,0.760726,0.0
4.67745,0.00608415,52.8613,0.748484,0.0
4.66609,0.00596162,51.5785,0.754945,0.0
4.64768,0.00587082,50.6122,0.759366,0.0
4.63995,0.00601176,49.7793,0.722299,0.0
4.63386,0.00594988,49.6293,0.757665,0.0
4.6195,0.00585706,48.4631,0.735221,0.0
4.60891,0.0058712,48.1466,0.736581,0.0
4.60055,0.00577599,48.5964,0.741682,0.0
4.58161,0.00572825,46.3807,0.714817,0.0
4.57522,0.00569711,47.5135,0.721618,0.0
4.56672,0.00557375,45.4311,0.734541,0.0
4.54807,0.00554527,44.898,0.72876,0.0
4.54952,0.00545518,46.3807,0.727399,0.0
4.54583,0.00537845,45.2312,0.717538,0.0
4.51952,0.00539388,43.182,0.713457,0.0
4.50669,0.00529471,42.7822,0.715157,0.0
4.5065,0.00533337,42.6156,0.706996,0.0
4.49637,0.00539914,41.7326,0.693393,0.0
4.489,0.00527129,42.449,0.710056,0.0
4.47581,0.00517218,41.2162,0.709376,0.0
4.46705,0.00512937,41.4327,0.692373,0.0
4.46489,0.00520753,40.1499,0.699174,0.0
4.45214,0.00499926,40.7997,0.681491,0.0
4.44795,0.00503902,39.9167,0.694753,0.0
4.44607,0.00495639,38.2174,0.688972,0.0
4.42768,0.00494231,38.6839,0.696113,0.0
4.4192,0.00497494,38.484,0.702235,0.0
4.4141,0.00478003,36.3515,0.653605,0.0
4.39771,0.0047714,36.2849,0.682171,0.0
4.38632,0.00480383,36.0017,0.670609,0.0
4.3843,0.00464635,36.3349,0.667888,0.0
4.38022,0.00471452,35.4686,0.67843,0.0
4.36861,0.00473845,35.4019,0.671969,0.0
4.35531,0.00457305,33.5693,0.659386,0.0
4.35213,0.00449794,33.5194,0.639323,0.0
4.35623,0.00464317,35.1354,0.667888,0.0
4.35047,0.00448354,33.8359,0.662107,0.0
4.34076,0.00457642,33.2362,0.644764,0.0
4.33506,0.00446259,32.8363,0.646464,0.0
4.3297,0.00444767,33.3028,0.662447,0.0
4.3267,0.00446395,31.6535,0.631841,0.0
4.31988,0.00433313,33.0696,0.649184,0.0
4.31337,0.00436938,31.2703,0.636602,0.0
4.30527,0.00429304,31.7035,0.644084,0.0
4.2997,0.00426359,31.3369,0.613138,0.0
4.298,0.00422935,30.9871,0.638983,0.0
4.28837,0.00429129,29.9375,0.62538,0.0
4.28181,0.00422176,30.354,0.620959,0.0
4.28201,0.00417986,30.0708,0.620279,0.0
4.28175,0.00432988,30.2707,0.637962,0.0
4.28111,0.00430271,30.0708,0.643743,0.0
4.27547,0.00421527,29.6876,0.6264,0.0
4.26987,0.00424712,28.8047,0.609057,0.0
4.27232,0.00425386,30.0042,0.636602,0.0
4.26743,0.00414165,28.888,0.603956,0.0
4.25512,0.00392268,29.3378,0.609397,0.0
4.25689,0.00395426,29.521,0.6281,0.0
4.2558,0.00403859,28.7713,0.622659,0.0
4.24502,0.00415456,29.8376,0.634222,0.0
4.23657,0.00407231,27.7051,0.616538,0.0
4.22764,0.00402218,26.6556,0.592394,0.0
4.21977,0.00397269,27.3219,0.612117,0.0
4.21087,0.00388856,25.7393,0.601575,0.0
4.19935,0.0038464,25.3061,0.586272,0.0
4.18724,0.00377667,24.2232,0.57233,0.0
4.17592,0.00368989,23.3403,0.57267,0.0
4.17025,0.00369456,23.4736,0.57437,0.0
4.16443,0.00367185,22.6905,0.549885,0.0
4.15309,0.0036188,21.8409,0.565869,0.0
4.14155,0.00356185,21.7409,0.556007,0.0
4.14011,0.00360505,21.1079,0.544784,0.0
4.13551,0.00349005,20.3582,0.541044,0.0
4.12202,0.00335526,20.6914,0.543424,0.0
4.1159,0.00333905,19.9417,0.535943,0.0
4.1149,0.00331589,19.4752,0.524721,0.0
4.10619,0.00332037,19.092,0.52234,0.0
4.09769,0.00321542,19.142,0.518259,0.0
4.09189,0.00319298,18.0591,0.517919,0.0
4.08526,0.00320984,18.6922,0.51996,0.0
4.08159,0.00314945,17.0929,0.494115,0.0
4.07502,0.00301091,17.3428,0.491394,0.0
4.06921,0.00306105,16.6431,0.493095,0.0
4.06647,0.00297433,16.6597,0.496835,0.0
4.06256,0.00297951,16.2599,0.487313,0.0
4.05552,0.00294066,15.9933,0.478812,0.0
4.05369,0.0029452,16.3599,0.482893,0.0
4.05218,0.0029873,15.9767,0.491054,0.0
4.04763,0.00293573,15.4769,0.478132,0.0
4.03964,0.00285692,15.3936,0.476771,0.0
4.03474,0.00283961,14.8438,0.460108,0.0
4.03291,0.00283396,14.6439,0.463849,0.0
4.02932,0.00282196,14.1441,0.457048,0.0
4.02559,0.00279978,14.0441,0.462149,0.0
4.02271,0.0027597,14.3773,0.464529,0.0
4.01789,0.00271261,13.0279,0.446166,0.0
4.01498,0.00274757,13.5277,0.443785,0.0
4.0126,0.0027019,13.8109,0.447526,0.0
4.00846,0.00262439,12.9113,0.438004,0.0
4.0093,0.00265384,13.3611,0.447186,0.0
4.00945,0.00267959,12.8113,0.447186,0.0
4.00534,0.00279783,13.3111,0.450586,0.0
4.00474,0.00276002,13.1445,0.453647,0.0
4.00165,0.00273336,12.828,0.436644,0.0
3.99635,0.00267661,13.6776,0.453307,0.0
3.99457,0.00265455,13.2278,0.448886,0.0
3.98723,0.00255642,12.5281,0.41964,0.0
3.98556,0.00255635,12.2449,0.430523,0.0
3.98565,0.0026194,12.9613,0.443445,0.0
3.97845,0.00252301,11.8284,0.412839,0.0
3.97394,0.00247644,11.8617,0.421341,0.0
3.97388,0.0025188,11.6785,0.421001,0.0
3.97186,0.00250167,11.3786,0.423721,0.0
3.97487,0.00254597,11.3953,0.419981,0.0
3.9739,0.00255356,11.1953,0.41828,0.0
3.9669,0.00254604,11.0954,0.405698,0.0
3.96406,0.00248954,11.312,0.419981,0.0
3.96128,0.00242066,11.2453,0.411139,0.0
3.95742,0.00234056,10.9121,0.408418,0.0
3.95718,0.00243655,10.6789,0.403997,0.0
3.9539,0.00239251,10.379,0.396856,0.0
3.94962,0.00232492,10.429,0.402297,0.0
3.95068,0.00240795,10.5289,0.394816,0.0
3.94436,0.00229457,10.3124,0.395496,0.0
3.94023,0.00232194,10.2457,0.390055,0.0
3.94663,0.00235748,10.6289,0.400937,0.0
3.94199,0.0023556,9.8459,0.391415,0.0
3.937,0.00234691,9.81258,0.396516,0.0
3.94037,0.00234393,9.72928,0.384954,0.0
3.93976,0.00228211,9.72928,0.387334,0.0
3.93707,0.00225623,9.64598,0.379173,0.0
3.93675,0.00229016,9.52936,0.390055,0.0
3.93444,0.00234146,9.26281,0.382573,0.0
3.93006,0.00229158,9.72928,0.396516,0.0
3.92664,0.00231085,9.31279,0.380193,0.0
3.92243,0.00220156,8.5631,0.36285,0.0
3.922,0.00224761,9.86256,0.391415,0.0
3.91976,0.00226136,8.81299,0.380193,0.0
3.91434,0.00218307,8.32986,0.361829,0.0
3.91457,0.00221018,8.76302,0.36693,0.0
3.91528,0.00220584,9.31279,0.381893,0.0
3.91205,0.00211639,8.27988,0.359789,0.0
3.91145,0.00214324,8.59642,0.373732,0.0
3.91192,0.00220506,8.49646,0.357409,0.0
3.90911,0.0021363,8.42982,0.357749,0.0
3.90777,0.00211159,8.34652,0.36591,0.0
3.91052,0.00216536,8.6464,0.374412,0.0
3.91048,0.00217691,8.62974,0.368291,0.0
3.90402,0.00209492,8.02999,0.353328,0.0
3.90044,0.00211224,7.94669,0.350267,0.0
3.89953,0.00208513,8.26322,0.36251,0.0
3.90016,0.00217328,8.16327,0.356728,0.0
3.89924,0.00215836,8.76302,0.36761,0.0
3.89345,0.00212593,8.04665,0.355708,0.0
3.89062,0.00208766,7.64681,0.346186,0.0
3.89045,0.0020154,7.49688,0.337345,0.0
3.8898,0.00207592,8.11329,0.360469,0.0
3.89127,0.00207014,8.02999,0.354008,0.0
3.89116,0.00205263,7.99667,0.356728,0.0
3.89012,0.00200399,7.26364,0.335984,0.0
3.88523,0.00191525,7.48022,0.341085,0.0
3.88493,0.00198505,8.07997,0.352308,0.0
3.8862,0.0020228,7.69679,0.342786,0.0
3.88254,0.0019916,7.88005,0.356388,0.0
3.87893,0.00200574,7.23032,0.345506,0.0
3.87786,0.00195644,6.93045,0.329183,0.0
3.8738,0.00192836,6.91379,0.331224,0.0
3.87093,0.00197772,6.76385,0.325442,0.0
3.87364,0.00201119,7.24698,0.347207,0.0
3.87229,0.00195488,6.64723,0.320001,0.0
3.86935,0.00197525,6.81383,0.323742,0.0
3.87307,0.00200308,7.4469,0.345506,0.0
3.87472,0.00195495,6.63057,0.321362,0.0
3.87213,0.00196033,7.16368,0.329523,0.0
3.86919,0.00191571,6.39733,0.318981,0.0
3.86568,0.001934,6.68055,0.327483,0.0
3.86575,0.0019076,6.56393,0.320341,0.0
3.86602,0.00191538,6.38067,0.322042,0.0
3.86074,0.00189119,6.56393,0.327823,0.0
3.85886,0.00183859,6.39733,0.31456,0.0
3.8564,0.00184014,6.18076,0.309799,0.0
3.85222,0.00184306,6.3307,0.316941,0.0
3.85471,0.00182542,6.34736,0.316261,0.0
3.8541,0.00182652,6.01416,0.316601,0.0
3.85393,0.00185273,6.23074,0.31422,0.0
3.8549,0.0019004,5.89754,0.308099,0.0
3.85551,0.00187711,6.44731,0.324082,0.0
3.85508,0.00182373,6.26406,0.31218,0.0
3.8536,0.00186992,6.13078,0.3132,0.0
3.85137,0.00180408,6.01416,0.309459,0.0
3.85,0.00184708,6.09746,0.31184,0.0
3.84926,0.001819,5.88088,0.305038,0.0
3.84642,0.00181271,5.98084,0.307079,0.0
3.84409,0.00178501,5.48105,0.291436,0.0
3.84246,0.00175238,5.63099,0.301978,0.0
3.84081,0.00179247,6.04748,0.317961,0.0
3.83983,0.0018059,5.94752,0.307079,0.0
3.83792,0.00176951,5.58101,0.291776,0.0
3.83689,0.0017398,5.46439,0.293136,0.0
3.83702,0.00173319,5.38109,0.293136,0.0
3.83756,0.00174726,5.59767,0.301298,0.0
3.83656,0.00177917,6.03082,0.3115,0.0
3.83572,0.00178255,5.09788,0.290076,0.0
3.83674,0.00180337,5.56435,0.290416,0.0
3.83898,0.0017939,5.63099,0.300278,0.0
3.8355,0.00178903,5.09788,0.282254,0.0
3.83019,0.00170276,5.16451,0.292456,0.0
3.82892,0.00172326,4.91462,0.284295,0.0
3.83027,0.00168207,5.21449,0.284975,0.0
3.83122,0.00171191,5.41441,0.294837,0.0
3.8287,0.00170821,5.14786,0.287355,0.0
3.82728,0.00178073,5.89754,0.304358,0.0
3.82771,0.00176691,5.43107,0.288375,0.0
3.82553,0.00176601,5.21449,0.287695,0.0
3.82345,0.00173837,4.91462,0.280214,0.0
3.82422,0.00166716,4.81466,0.280894,0.0
3.82671,0.00171042,5.21449,0.285655,0.0
3.82758,0.00171438,5.21449,0.292456,0.0
3.82322,0.00170036,4.53145,0.269332,0.0
3.82304,0.00168104,5.61433,0.296877,0.0
3.82436,0.00164024,4.89796,0.280894,0.0
3.81909,0.00163018,4.73136,0.273072,0.0
3.81549,0.00160502,4.98126,0.287695,0.0
3.81716,0.00166229,4.84798,0.278853,0.0
3.81626,0.00167221,4.43149,0.264911,0.0
3.8124,0.0016021,4.6314,0.269672,0.0
3.81376,0.0016645,5.16451,0.285655,0.0
3.81419,0.00163129,4.7147,0.272732,0.0
3.81363,0.00170082,4.98126,0.281574,0.0
3.81407,0.00169874,4.69804,0.272052,0.0
3.81444,0.00161338,4.36485,0.266271,0.0
3.81327,0.00161455,4.21491,0.255049,0.0
3.81194,0.00163284,4.89796,0.278853,0.0
3.81209,0.00162402,4.94794,0.278853,0.0
3.81091,0.00164536,4.5481,0.270692,0.0
3.80945,0.00159684,4.36485,0.265251,0.0
3.80946,0.00163135,4.5481,0.271712,0.0
3.80713,0.00166294,4.51479,0.267971,0.0
3.80368,0.0015445,4.26489,0.25845,0.0
3.80341,0.00154294,4.41483,0.266611,0.0
3.80651,0.00161754,4.56476,0.268992,0.0
3.80496,0.001584,4.798,0.279534,0.0
3.80286,0.0016405,4.44815,0.26219,0.0
3.80473,0.00158102,4.59808,0.267631,0.0
3.80324,0.00159023,4.08163,0.26015,0.0
3.80061,0.00154658,3.99833,0.252668,0.0
3.8028,0.00158556,4.43149,0.26253,0.0
3.80409,0.00163336,4.43149,0.268992,0.0
3.803,0.00162467,4.28155,0.269332,0.0
3.80142,0.00156986,4.38151,0.26151,0.0
3.80132,0.00159373,4.23157,0.25879,0.0
3.79927,0.00158958,4.28155,0.267291,0.0
3.79715,0.00154573,4.41483,0.270692,0.0
3.79527,0.00156344,3.7651,0.248588,0.0
3.79363,0.00147173,3.74844,0.243827,0.0
3.79595,0.00157615,4.24823,0.26253,0.0
3.79342,0.00150241,3.38192,0.234305,0.0
3.79415,0.00154846,4.26489,0.263891,0.0
3.79641,0.00154794,3.79842,0.251648,0.0
3.79406,0.00156039,4.14827,0.26083,0.0
3.79433,0.00156104,3.86506,0.250288,0.0
3.79601,0.00157388,4.04831,0.254029,0.0
3.79458,0.00155254,4.31487,0.26287,0.0
3.79472,0.00158666,4.33153,0.264571,0.0
3.79177,0.00156818,3.78176,0.251308,0.0
3.78863,0.00150163,3.33195,0.230564,0.0
3.78995,0.00152219,3.91504,0.249268,0.0
3.7918,0.00152932,4.08163,0.26151,0.0
3.78871,0.00153036,3.89838,0.253349,0.0
3.78777,0.0015288,3.8484,0.254369,0.0
3.7885,0.00152459,3.98167,0.256749,0.0
3.78968,0.00151272,4.14827,0.255389,0.0
3.78611,0.00151784,3.88172,0.248588,0.0
3.78476,0.00149819,4.11495,0.25913,0.0
3.78611,0.00150798,3.61516,0.237706,0.0
3.78622,0.00149897,3.48188,0.238386,0.0
3.78334,0.00147815,3.41524,0.234305,0.0
3.78321,0.00145077,3.48188,0.236005,0.0
3.78379,0.00147218,3.28197,0.230224,0.0
3.78566,0.00153834,4.08163,0.256069,0.0
3.78538,0.00152647,3.71512,0.248588,0.0
3.78194,0.0014679,3.73178,0.244507,0.0
3.7793,0.00145629,3.48188,0.237366,0.0
3.77902,0.00146446,3.44856,0.234985,0.0
3.77872,0.00146589,3.49854,0.236685,0.0
3.77689,0.00145486,3.23199,0.229884,0.0
3.77735,0.00145609,3.13203,0.221723,0.0
3.77724,0.00144409,3.78176,0.245867,0.0
3.77701,0.00137995,3.38192,0.233285,0.0
3.77667,0.0014164,3.16535,0.224103,0.0
3.77916,0.00142094,3.33195,0.229204,0.0
3.77956,0.00146381,3.99833,0.256069,0.0
3.77674,0.00147867,3.11537,0.231244,0.0
3.77436,0.00140122,3.36526,0.230224,0.0
3.77767,0.0014583,3.89838,0.248928,0.0
3.77822,0.00147977,3.7651,0.246547,0.0
3.77569,0.00146595,3.66514,0.243827,0.0
3.77462,0.00143346,3.53186,0.243487,0.0
3.7736,0.00143923,3.09871,0.225803,0.0
3.77241,0.001433,3.64848,0.242126,0.0
3.77339,0.00149741,3.69846,0.245867,0.0
3.77484,0.00144092,3.6818,0.245187,0.0
3.77391,0.00146226,3.24865,0.227844,0.0
3.77516,0.00145434,3.58184,0.240086,0.0
3.77332,0.00144118,3.06539,0.219682,0.0
3.77185,0.00139194,3.18201,0.228524,0.0
3.77444,0.00143813,3.4319,0.238046,0.0
3.77184,0.00142697,3.24865,0.230224,0.0
3.76883,0.00139169,3.23199,0.231244,0.0
3.77215,0.00140018,3.09871,0.225803,0.0
3.77166,0.00141958,3.08205,0.224103,0.0
3.76858,0.00141744,3.14869,0.227164,0.0
3.7691,0.00143443,3.23199,0.225123,0.0
3.76995,0.0014295,3.46522,0.235665,0.0
3.76898,0.00145408,3.28197,0.232605,0.0
3.76785,0.0014188,3.3486,0.235665,0.0
3.76939,0.00144487,3.46522,0.239066,0.0
3.77146,0.00148327,3.49854,0.243487,0.0
3.77085,0.0016128,3.39858,0.240766,0.0
3.77027,0.00149981,3.36526,0.230224,0.0
3.76888,0.00147367,3.48188,0.236005,0.0
3.768,0.00145142,3.49854,0.236685,0.0
3.76722,0.00146764,3.49854,0.239066,0.0
3.76724,0.00146887,3.56518,0.239746,0.0
3.76603,0.00145713,3.3486,0.239406,0.0
3.76313,0.00138228,2.71554,0.213221,0.0
3.7643,0.0014188,3.14869,0.228524,0.0
3.76603,0.0014476,3.31529,0.234645,0.0
3.764,0.00138462,3.4319,0.234645,0.0
3.76168,0.00141212,3.04873,0.226823,0.0
3.76321,0.00144066,3.46522,0.238046,0.0
3.7644,0.00139097,3.33195,0.232945,0.0
3.76592,0.00142438,3.69846,0.243487,0.0
3.76642,0.00143119,3.5985,0.242807,0.0
3.76499,0.00146297,3.06539,0.228524,0.0
3.76367,0.00140278,3.03207,0.223763,0.0
3.76441,0.00138546,3.41524,0.235325,0.0
3.76247,0.00140213,2.89879,0.214241,0.0
3.76308,0.00145603,3.39858,0.238386,0.0
3.76279,0.00137969,2.94877,0.217302,0.0
3.76191,0.00136652,3.49854,0.232945,0.0
3.76218,0.00141225,2.96543,0.220362,0.0
3.76029,0.00143307,3.18201,0.231924,0.0
3.75941,0.00143242,2.98209,0.216962,0.0
3.76288,0.00145395,3.3486,0.237025,0.0
3.76395,0.00141646,3.48188,0.232605,0.0
3.75996,0.001409,3.03207,0.227504,0.0
3.75745,0.00139947,2.79883,0.213561,0.0
3.75984,0.00139752,3.18201,0.228524,0.0
3.76295,0.00143754,3.5985,0.236005,0.0
3.76188,0.00143443,3.29863,0.230564,0.0
3.75835,0.0014042,3.14869,0.223763,0.0
3.75928,0.00136684,3.24865,0.229204,0.0
3.76265,0.00144422,3.58184,0.237706,0.0
3.75976,0.00142717,3.16535,0.232605,0.0
3.7571,0.00141828,3.36526,0.231584,0.0
3.75789,0.00139428,3.01541,0.219342,0.0
3.75735,0.0013959,3.06539,0.222403,0.0
3.75871,0.00137897,3.19867,0.225123,0.0
3.76024,0.00139979,3.29863,0.232945,0.0
3.76084,0.00145843,3.6818,0.241786,0.0
3.76075,0.00147023,3.49854,0.237706,0.0
3.75745,0.00143307,3.08205,0.224103,0.0
3.75909,0.00146232,3.69846,0.247908,0.0
3.76077,0.0014629,3.39858,0.234985,0.0
3.75885,0.00145486,3.69846,0.241106,0.0
3.76008,0.00144915,3.46522,0.236685,0.0
3.75952,0.00145123,3.39858,0.236005,0.0
3.7584,0.00146621,3.49854,0.236685,0.0
3.76036,0.00149547,3.33195,0.228184,0.0
3.76067,0.00150377,3.99833,0.252668,0.0
3.76099,0.00152342,3.96501,0.255049,0.0
3.76119,0.00149332,3.81508,0.246547,0.0
3.76033,0.00154327,3.48188,0.236005,0.0
3.7617,0.00156954,4.06497,0.26321,0.0
3.76657,0.00169167,4.43149,0.266951,0.0
3.7682,0.00164153,4.23157,0.265251,0.0
3.76509,0.00162921,4.11495,0.256749,0.0
3.76792,0.00172073,4.31487,0.26287,0.0
3.7698,0.00165717,4.44815,0.274433,0.0
3.77442,0.00178618,5.29779,0.294156,0.0
3.78192,0.00192433,5.88088,0.306059,0.0
3.78296,0.002025,5.38109,0.298917,0.0
3.78782,0.00223217,5.9142,0.31116,0.0
3.81745,0.00395958,8.27988,0.411479,0.0
3.90454,0.00951887,12.5115,0.610757,0.0
4.04764,0.0174858,17.2095,0.789291,0.0
4.19134,0.0271731,19.4752,0.877708,0.0
4.28525,0.0363458,19.7918,0.919536,0.0
4.16396,0.0291405,14.6606,0.735221,0.0
3.87623,0.0135682,8.66306,0.502616,0.0
3.76472,0.0073932,5.01458,0.346186,0.0
3.77682,0.00368664,3.19867,0.239406,0.0
3.74607,0.00208526,2.51562,0.20778,0.0
3.7429,0.00171236,3.16535,0.231584,0.0
3.75267,0.00164147,2.33236,0.196898,0.0
3.74272,0.00135264,2.83215,0.212201,0.0
3.74395,0.00134985,3.01541,0.222063,0.0
3.74694,0.00137553,2.61558,0.20846,0.0
3.74214,0.00128051,2.71554,0.20948,0.0
3.74242,0.00125035,2.03249,0.180915,0.0
3.74233,0.00126598,2.68222,0.20812,0.0
3.74187,0.001275,2.11579,0.188736,0.0
3.7409,0.00124049,2.28238,0.193837,0.0
3.74048,0.00124724,2.26572,0.190096,0.0
3.74057,0.00124205,2.2324,0.187376,0.0
3.74007,0.00124685,2.3157,0.196558,0.0
3.73839,0.00117394,1.88255,0.174453,0.0
3.73741,0.00115397,2.16576,0.189076,0.0
3.73644,0.00117926,1.98251,0.178874,0.0
3.7359,0.00119885,1.91587,0.177514,0.0
3.73648,0.0011792,2.24906,0.189416,0.0
3.7363,0.0012281,2.16576,0.187716,0.0
3.73588,0.00117621,2.16576,0.187716,0.0
3.7337,0.0011397,1.54935,0.159151,0.0
3.73258,0.00117848,1.61599,0.165952,0.0
3.73242,0.00111563,1.66597,0.166632,0.0
3.7325,0.00111615,1.86589,0.175474,0.0
3.73187,0.00113619,1.53269,0.160171,0.0
3.72961,0.00110272,1.31612,0.145548,0.0
3.72899,0.00107704,1.59933,0.161531,0.0
3.72931,0.00105375,1.26614,0.146908,0.0
3.72954,0.00109131,1.56601,0.161871,0.0
3.73,0.00110441,1.4494,0.15609,0.0
3.72759,0.00103533,1.29946,0.144868,0.0
3.7264,0.000998231,1.1995,0.139087,0.0
3.72733,0.00101775,1.33278,0.146568,0.0
3.72659,0.00103384,1.23282,0.143167,0.0
3.72501,0.00101347,1.06622,0.133646,0.0
3.72333,0.00095594,0.866306,0.123444,0.0
3.7238,0.000997193,1.23282,0.141127,0.0
3.72542,0.00103942,1.18284,0.138407,0.0
3.72496,0.00102405,1.01624,0.130585,0.0
3.72394,0.000982534,1.24948,0.145888,0.0
3.72458,0.000987334,1.24948,0.145888,0.0
3.72391,0.000982275,1.16618,0.139427,0.0
3.72135,0.000958859,0.749688,0.110861,0.0
3.72196,0.000963529,1.04956,0.130585,0.0
3.72384,0.00100504,1.06622,0.131605,0.0
3.72416,0.00102022,1.24948,0.147928,0.0
3.7241,0.00099609,1.33278,0.150309,0.0
3.72297,0.000989539,1.0329,0.135686,0.0
3.72268,0.000973259,1.04956,0.130585,0.0
3.72171,0.000977604,0.949604,0.124464,0.0
3.7206,0.000963205,0.982924,0.128545,0.0
3.72117,0.000955097,0.932945,0.123104,0.0
3.72,0.000957951,0.849646,0.117663,0.0
3.72022,0.000951076,0.816327,0.115282,0.0
3.72123,0.0009514,0.999584,0.127524,0.0
3.72049,0.00093966,0.816327,0.117663,0.0
3.71978,0.000976372,1.01624,0.130585,0.0
3.71994,0.000939725,1.0329,0.133646,0.0
3.71918,0.000914364,0.816327,0.115282,0.0
3.72044,0.00093246,1.01624,0.130585,0.0
3.7212,0.000961129,1.01624,0.128545,0.0
3.72067,0.000979031,0.733028,0.109501,0.0
3.72005,0.000956265,1.0329,0.129565,0.0
3.71953,0.000936741,1.01624,0.128545,0.0
3.71913,0.000950427,0.716368,0.108141,0.0
3.71962,0.000954384,1.0329,0.131605,0.0
3.71979,0.000934276,0.816327,0.117663,0.0
3.71834,0.000938752,0.899625,0.123444,0.0
3.71751,0.000930904,0.716368,0.110861,0.0
3.717,0.000934406,0.733028,0.109501,0.0
3.71763,0.000947573,0.799667,0.114262,0.0
3.71843,0.000918515,0.749688,0.110861,0.0
3.7182,0.000899056,0.733028,0.109501,0.0
3.71919,0.000929023,0.899625,0.125484,0.0
3.72005,0.000975723,0.882965,0.120043,0.0
3.71826,0.000925909,0.649729,0.10338,0.0
3.71568,0.000921174,0.58309,0.100659,0.0
3.71737,0.000913261,0.816327,0.115282,0.0
3.71686,0.000886213,0.766347,0.111881,0.0
3.71779,0.000947833,0.966264,0.127524,0.0
3.71785,0.000927466,0.916285,0.124464,0.0
3.71663,0.000933239,1.04956,0.130585,0.0
3.71562,0.000928958,0.749688,0.113242,0.0
3.71535,0.00093259,0.982924,0.128545,0.0
3.71516,0.000899186,0.799667,0.116642,0.0
3.71574,0.000917542,0.699708,0.107121,0.0
3.71645,0.000884592,0.949604,0.124464,0.0
3.7174,0.000936222,0.849646,0.117663,0.0
3.71619,0.000941022,0.966264,0.129565,0.0
3.71529,0.000930968,0.733028,0.109501,0.0
3.71525,0.000912223,0.749688,0.110861,0.0
3.71501,0.000905348,0.783007,0.113242,0.0
3.71625,0.000927725,0.733028,0.114602,0.0
3.71652,0.000923055,0.916285,0.122083,0.0
3.71446,0.000871944,0.483132,0.0890971,0.0
3.71434,0.000888743,0.683049,0.108481,0.0
3.71566,0.000922861,0.799667,0.116642,0.0
3.71544,0.000900224,0.58309,0.0979388,0.0
3.71478,0.000925325,0.966264,0.127524,0.0
3.71612,0.000906969,0.733028,0.109501,0.0
3.71511,0.000919618,0.866306,0.118683,0.0
3.71503,0.000904829,0.733028,0.109501,0.0
3.71599,0.000918645,0.649729,0.10338,0.0
3.7152,0.00089711,0.716368,0.108141,0.0
3.71494,0.000895359,0.832986,0.116642,0.0
3.7158,0.000899251,0.733028,0.111881,0.0
3.71432,0.000908072,0.849646,0.117663,0.0
3.71318,0.000882581,0.832986,0.119023,0.0
3.71527,0.000889392,0.63307,0.10202,0.0
3.71435,0.000903597,0.61641,0.100659,0.0
3.71348,0.000910537,0.683049,0.10576,0.0
3.71434,0.000934601,0.799667,0.114262,0.0
3.71326,0.000903921,0.63307,0.10202,0.0
3.71168,0.000862863,0.649729,0.10338,0.0
3.71177,0.000854626,0.499792,0.0907974,0.0
3.71343,0.000858452,0.683049,0.10576,0.0
3.71446,0.000882062,0.716368,0.110861,0.0
3.71459,0.000897759,0.63307,0.107121,0.0
3.71388,0.000881479,0.699708,0.107121,0.0
3.71332,0.0008807,0.649729,0.10338,0.0
3.71349,0.00092312,0.766347,0.114262,0.0
3.71301,0.000906451,0.749688,0.110861,0.0
3.71328,0.000911445,0.816327,0.115282,0.0
3.71233,0.000902689,0.533111,0.0935179,0.0
3.71147,0.000867598,0.61641,0.100659,0.0
3.71171,0.000886084,0.63307,0.10202,0.0
3.71217,0.000866755,0.666389,0.107121,0.0
3.71031,0.000845091,0.483132,0.0890971,0.0
3.7108,0.000843664,0.516451,0.0921577,0.0
3.71162,0.000883814,0.733028,0.109501,0.0
3.71393,0.000878819,0.766347,0.111881,0.0
3.7136,0.000888354,0.683049,0.10576,0.0
3.71169,0.0008783,0.649729,0.10338,0.0
3.71115,0.000875446,0.63307,0.10202,0.0
3.71153,0.000860398,0.533111,0.0935179,0.0
3.71113,0.000849501,0.61641,0.100659,0.0
3.71119,0.000830432,0.533111,0.0935179,0.0
3.71208,0.000881997,0.832986,0.116642,0.0
3.71179,0.000924742,0.666389,0.1044,0.0
3.70977,0.000899121,0.499792,0.0907974,0.0
3.70956,0.000878689,0.516451,0.0921577,0.0
3.71057,0.000855923,0.61641,0.100659,0.0
3.71092,0.000839967,0.59975,0.099299,0.0
3.71279,0.000901262,0.832986,0.116642,0.0
3.71383,0.000917477,0.766347,0.114262,0.0
3.71162,0.000884008,0.58309,0.100659,0.0
3.71135,0.00087603,0.549771,0.0952183,0.0
3.71149,0.000842691,0.499792,0.0907974,0.0
3.71097,0.000843664,0.499792,0.0907974,0.0
3.71047,0.000866949,0.549771,0.0952183,0.0
3.71064,0.000891402,0.799667,0.116642,0.0
3.71102,0.000876873,0.59975,0.099299,0.0
3.71027,0.000892765,0.483132,0.0890971,0.0
3.70934,0.000847296,0.566431,0.0965785,0.0
3.7092,0.000829848,0.499792,0.0907974,0.0
3.70982,0.000870517,0.666389,0.1044,0.0
3.71016,0.000864809,0.399833,0.0812756,0.0
3.71034,0.000847231,0.58309,0.0979388,0.0
3.71164,0.000855015,0.63307,0.10202,0.0
3.71146,0.000865328,0.649729,0.10338,0.0
3.71153,0.000879208,0.58309,0.0979388,0.0
3.71073,0.000870452,0.59975,0.099299,0.0
3.7104,0.000897564,0.699708,0.107121,0.0
3.71039,0.000885695,0.59975,0.099299,0.0
3.71048,0.000882451,0.58309,0.0979388,0.0
3.71061,0.000928633,0.716368,0.110861,0.0
3.71055,0.000879338,0.699708,0.107121,0.0
3.70999,0.000908591,0.683049,0.10576,0.0
3.70918,0.000884268,0.566431,0.0965785,0.0
3.70851,0.000845739,0.499792,0.0907974,0.0
3.70842,0.000824075,0.349854,0.0761746,0.0
3.71042,0.000885759,0.699708,0.107121,0.0
3.71122,0.000846388,0.533111,0.0935179,0.0
3.70866,0.000830497,0.433153,0.0843362,0.0
3.70724,0.000841264,0.316535,0.0724339,0.0
3.70926,0.000822713,0.58309,0.100659,0.0
3.70969,0.000828875,0.59975,0.099299,0.0
3.70926,0.000822454,0.466472,0.0877368,0.0
3.70908,0.000823427,0.549771,0.0952183,0.0
3.70917,0.000849631,0.533111,0.0935179,0.0
3.70954,0.000817005,0.483132,0.0921577,0.0
3.70859,0.000860593,0.683049,0.108481,0.0
3.70911,0.000872268,0.549771,0.0952183,0.0
3.70811,0.000831729,0.466472,0.0907974,0.0
3.70926,0.000834778,0.63307,0.10202,0.0
3.70942,0.000838021,0.483132,0.0890971,0.0
3.70895,0.000827059,0.61641,0.100659,0.0
3.7087,0.00083348,0.316535,0.0724339,0.0
3.70927,0.000839772,0.466472,0.0877368,0.0
3.71002,0.000841977,0.449813,0.0860365,0.0
3.70895,0.000855663,0.533111,0.0965785,0.0
3.70884,0.000866301,0.483132,0.0890971,0.0
3.70966,0.000851577,0.649729,0.10338,0.0
3.70973,0.000865198,0.566431,0.0965785,0.0
3.70926,0.000853717,0.499792,0.0907974,0.0
3.70832,0.000829913,0.63307,0.10202,0.0
3.70749,0.000846648,0.366514,0.0778749,0.0
3.70795,0.000844961,0.549771,0.0952183,0.0
3.70907,0.000854172,0.61641,0.100659,0.0
3.70926,0.000873371,0.499792,0.0907974,0.0
3.70809,0.000849501,0.483132,0.0890971,0.0
3.70846,0.000856507,0.61641,0.100659,0.0
3.70835,0.000830237,0.383174,0.0795753,0.0
3.70798,0.000817784,0.316535,0.0724339,0.0
3.7087,0.000852096,0.666389,0.1044,0.0
3.70876,0.000829459,0.516451,0.0921577,0.0
3.70875,0.000853653,0.533111,0.0935179,0.0
3.70759,0.00084055,0.499792,0.0907974,0.0
3.706,0.000823621,0.433153,0.0843362,0.0
3.7072,0.000822065,0.566431,0.0965785,0.0
3.70893,0.000820313,0.58309,0.0979388,0.0
3.70881,0.000879403,0.58309,0.0979388,0.0
3.70826,0.000842431,0.466472,0.0877368,0.0
3.70751,0.000823881,0.566431,0.0965785,0.0
3.7077,0.000834259,0.449813,0.0860365,0.0
3.70783,0.000821351,0.483132,0.0890971,0.0
3.70835,0.000810389,0.449813,0.0860365,0.0
3.7081,0.000843404,0.549771,0.0952183,0.0
3.70755,0.00082667,0.449813,0.0860365,0.0
3.70669,0.000792487,0.416493,0.0829759,0.0
3.70741,0.000821416,0.449813,0.0860365,0.0
3.70771,0.000820832,0.399833,0.0812756,0.0
3.70717,0.000821676,0.533111,0.0935179,0.0
3.70822,0.00085722,0.61641,0.100659,0.0
3.7082,0.000841069,0.533111,0.0935179,0.0
3.70718,0.000865587,0.316535,0.0724339,0.0
3.70763,0.000845739,0.483132,0.0890971,0.0
3.70783,0.000814346,0.349854,0.0761746,0.0
3.70787,0.000814281,0.416493,0.0829759,0.0
3.70812,0.000809157,0.499792,0.0907974,0.0
3.70741,0.000815773,0.366514,0.0778749,0.0
3.70794,0.000849047,0.449813,0.0860365,0.0
3.70785,0.000866041,0.59975,0.10202,0.0
3.70646,0.000806303,0.383174,0.0795753,0.0
3.70713,0.00083588,0.499792,0.0907974,0.0
3.70758,0.000856571,0.416493,0.0860365,0.0
3.7079,0.000845545,0.566431,0.0965785,0.0
3.707,0.000845285,0.383174,0.0829759,0.0
3.70722,0.000843858,0.549771,0.0952183,0.0
3.70872,0.000859361,0.449813,0.0860365,0.0
3.70766,0.000829459,0.299875,0.0703935,0.0
3.70825,0.000840226,0.533111,0.0935179,0.0
3.7086,0.000831016,0.466472,0.0877368,0.0
3.70723,0.000799039,0.399833,0.0812756,0.0
3.70643,0.000822843,0.516451,0.0921577,0.0
3.70703,0.000811298,0.366514,0.0812756,0.0
3.70818,0.0008244,0.499792,0.0907974,0.0
3.70787,0.000860333,0.59975,0.099299,0.0
3.7072,0.000817135,0.466472,0.0877368,0.0
3.70677,0.000808444,0.333195,0.0741342,0.0
3.70725,0.000802282,0.483132,0.0890971,0.0
3.70795,0.000849631,0.566431,0.0965785,0.0
3.70677,0.000814411,0.399833,0.0812756,0.0
3.70679,0.00083588,0.466472,0.0877368,0.0
3.70751,0.000817459,0.533111,0.0935179,0.0
3.70611,0.000799687,0.383174,0.0795753,0.0
3.70774,0.000789374,0.333195,0.0741342,0.0
3.7077,0.000793785,0.433153,0.0843362,0.0
3.70709,0.000825438,0.466472,0.0877368,0.0
3.70744,0.000834129,0.349854,0.0761746,0.0
3.70857,0.00084334,0.58309,0.0979388,0.0
3.70712,0.000848204,0.483132,0.0921577,0.0
3.70701,0.000830237,0.566431,0.0965785,0.0
3.70724,0.000808054,0.366514,0.0778749,0.0
3.70725,0.000801957,0.283215,0.0683531,0.0
3.70632,0.000795212,0.516451,0.0952183,0.0
3.70623,0.000799363,0.466472,0.0877368,0.0
3.70849,0.000847296,0.59975,0.099299,0.0
3.70752,0.000810714,0.366514,0.0778749,0.0
3.70633,0.000791644,0.399833,0.0812756,0.0
3.70825,0.000821221,0.483132,0.0890971,0.0
3.70797,0.000838734,0.533111,0.0935179,0.0
3.70686,0.000815189,0.233236,0.0622319,0.0
3.70686,0.000795925,0.433153,0.0843362,0.0
3.70812,0.000805265,0.433153,0.0843362,0.0
3.70716,0.000796509,0.449813,0.0860365,0.0
3.70724,0.000813892,0.549771,0.0952183,0.0
3.7066,0.000783731,0.249896,0.0642723,0.0
3.70496,0.000799298,0.383174,0.0795753,0.0
3.70576,0.000798649,0.333195,0.0741342,0.0
3.70634,0.000794693,0.433153,0.0843362,0.0
3.70756,0.000839123,0.533111,0.0935179,0.0
3.70768,0.000817135,0.399833,0.0812756,0.0
3.70674,0.000815384,0.333195,0.0741342,0.0
3.70774,0.000794628,0.383174,0.0795753,0.0
3.70724,0.000819535,0.399833,0.0812756,0.0
3.70722,0.000808379,0.466472,0.0907974,0.0
3.70704,0.000823038,0.299875,0.0703935,0.0
3.70713,0.000792747,0.333195,0.0741342,0.0
3.70686,0.00078211,0.383174,0.0795753,0.0
3.7066,0.00078185,0.266556,0.0663127,0.0
3.70701,0.000800401,0.316535,0.0724339,0.0
3.70772,0.00081,0.433153,0.0843362,0.0
3.70751,0.000807795,0.333195,0.0741342,0.0
3.70593,0.000800206,0.349854,0.0761746,0.0
3.70577,0.00079145,0.349854,0.0761746,0.0
3.70746,0.000807146,0.533111,0.0935179,0.0
3.7075,0.00082894,0.449813,0.0860365,0.0
3.70759,0.000818886,0.466472,0.0877368,0.0
3.70741,0.000792682,0.299875,0.0703935,0.0
3.70715,0.000783472,0.316535,0.0724339,0.0
3.70582,0.000779126,0.449813,0.0860365,0.0
3.70738,0.000806757,0.516451,0.0952183,0.0
3.70845,0.000807471,0.349854,0.0761746,0.0
3.7075,0.000794952,0.383174,0.0795753,0.0
3.70736,0.000796639,0.466472,0.0877368,0.0
3.70744,0.000799493,0.433153,0.0843362,0.0
3.707,0.000806887,0.399833,0.0812756,0.0
3.70626,0.000782823,0.299875,0.0703935,0.0
3.70585,0.000790217,0.416493,0.0860365,0.0
3.70729,0.000810325,0.466472,0.0877368,0.0
3.70731,0.000809676,0.316535,0.0724339,0.0
3.70616,0.00079359,0.316535,0.0724339,0.0
3.70756,0.00080559,0.449813,0.0860365,0.0
3.70753,0.000825892,0.383174,0.0795753,0.0
3.70741,0.000809935,0.416493,0.0829759,0.0
3.70681,0.000777375,0.283215,0.0683531,0.0
3.70595,0.000789374,0.283215,0.0683531,0.0
3.70732,0.000809481,0.416493,0.0829759,0.0
3.70751,0.000789958,0.366514,0.0778749,0.0
3.70742,0.000810779,0.416493,0.0829759,0.0
3.70801,0.000818043,0.349854,0.0761746,0.0
3.70728,0.000787688,0.216576,0.0598515,0.0
3.70768,0.000769591,0.349854,0.0761746,0.0
3.70795,0.000781591,0.333195,0.0741342,0.0
3.70796,0.000805914,0.433153,0.0843362,0.0
3.70872,0.000834843,0.466472,0.0877368,0.0
3.70821,0.000795277,0.383174,0.0795753,0.0
3.7072,0.000792487,0.366514,0.0778749,0.0
3.70775,0.000806887,0.533111,0.0965785,0.0
3.70835,0.000795536,0.366514,0.0778749,0.0
3.70659,0.000787753,0.316535,0.0724339,0.0
3.70661,0.000812984,0.416493,0.0829759,0.0
3.70729,0.000799687,0.283215,0.0683531,0.0
3.70675,0.000799622,0.299875,0.0703935,0.0
3.7073,0.00079346,0.333195,0.0741342,0.0
3.708,0.000817005,0.416493,0.0829759,0.0
3.70785,0.000834194,0.383174,0.0795753,0.0
3.70856,0.000824594,0.466472,0.0877368,0.0
3.70811,0.000807276,0.349854,0.0761746,0.0
3.70743,0.000800012,0.416493,0.0829759,0.0
3.70748,0.000798455,0.283215,0.0683531,0.0
3.70737,0.000777569,0.316535,0.0724339,0.0
3.7076,0.000807211,0.316535,0.0724339,0.0
3.70788,0.00081,0.399833,0.0812756,0.0
3.70784,0.000797871,0.399833,0.0812756,0.0
3.70736,0.000767905,0.299875,0.0703935,0.0
3.70787,0.000755905,0.199917,0.057471,0.0
3.7082,0.000774521,0.183257,0.0550906,0.0
3.70843,0.000778218,0.249896,0.0642723,0.0
3.70898,0.000784315,0.216576,0.0598515,0.0
3.70815,0.000767775,0.266556,0.0663127,0.0
3.70866,0.00079586,0.433153,0.0843362,0.0
3.70864,0.000778153,0.399833,0.0812756,0.0
3.70846,0.00082427,0.483132,0.0921577,0.0
3.70916,0.000773223,0.333195,0.0741342,0.0
3.70785,0.000778023,0.433153,0.0843362,0.0
3.70691,0.000802087,0.249896,0.0642723,0.0
3.70665,0.000780099,0.333195,0.0741342,0.0
3.70732,0.000766348,0.249896,0.0642723,0.0
3.70798,0.000776531,0.316535,0.0724339,0.0
3.70856,0.000796833,0.383174,0.0795753,0.0
3.70781,0.00079359,0.433153,0.0843362,0.0
3.70782,0.000812789,0.233236,0.0622319,0.0
3.70712,0.000781266,0.266556,0.0663127,0.0
3.70865,0.000800271,0.383174,0.0795753,0.0
3.7093,0.000795795,0.249896,0.0642723,0.0
3.70759,0.000770564,0.249896,0.0642723,0.0
3.70809,0.000781007,0.283215,0.0683531,0.0
3.70836,0.00077491,0.233236,0.0622319,0.0
3.70737,0.000775364,0.333195,0.0741342,0.0
3.70855,0.000804746,0.249896,0.0642723,0.0
3.70722,0.000780812,0.299875,0.0703935,0.0
3.70738,0.000774196,0.333195,0.0741342,0.0
3.70924,0.000790671,0.233236,0.0622319,0.0
3.70843,0.000784639,0.383174,0.0795753,0.0
3.70842,0.00079839,0.349854,0.0761746,0.0
3.70908,0.000775494,0.316535,0.0724339,0.0
3.70908,0.000754219,0.283215,0.0683531,0.0
3.70809,0.000777699,0.316535,0.0724339,0.0
3.70844,0.000808508,0.399833,0.0812756,0.0
3.7088,0.000770953,0.183257,0.0550906,0.0
3.70897,0.000792877,0.399833,0.0812756,0.0
3.70861,0.000779126,0.266556,0.0663127,0.0
3.70813,0.000759537,0.249896,0.0642723,0.0
3.70823,0.000767451,0.349854,0.0761746,0.0
3.71007,0.000810973,0.383174,0.0795753,0.0
3.70863,0.00079599,0.366514,0.0778749,0.0
3.708,0.000769202,0.233236,0.0622319,0.0
3.70918,0.000777245,0.416493,0.0829759,0.0
3.71068,0.000806952,0.333195,0.0741342,0.0
3.70834,0.000778218,0.266556,0.0663127,0.0
3.70804,0.000754543,0.216576,0.0598515,0.0
3.70923,0.000767386,0.299875,0.0703935,0.0
3.70939,0.000786974,0.449813,0.0860365,0.0
3.70865,0.000782045,0.149938,0.0499896,0.0
3.7092,0.000764208,0.349854,0.0761746,0.0
3.70857,0.000762651,0.183257,0.0550906,0.0
3.70773,0.000768488,0.216576,0.0598515,0.0
3.70828,0.000767191,0.166597,0.0527101,0.0
3.70884,0.000767126,0.249896,0.0642723,0.0
3.70825,0.000771732,0.249896,0.0642723,0.0
3.70867,0.000774261,0.333195,0.0741342,0.0
3.71012,0.000773288,0.366514,0.0778749,0.0
3.71007,0.000768553,0.299875,0.0703935,0.0
3.70891,0.000788336,0.316535,0.0724339,0.0
3.70912,0.000775883,0.199917,0.057471,0.0
3.70936,0.000756035,0.183257,0.0550906,0.0
3.70953,0.000775818,0.249896,0.0642723,0.0
3.70942,0.000756748,0.283215,0.0683531,0.0
3.71068,0.00077264,0.299875,0.0703935,0.0
3.70984,0.000816616,0.399833,0.0812756,0.0
3.70945,0.000791709,0.283215,0.0683531,0.0
3.70901,0.000770953,0.283215,0.0683531,0.0
3.70956,0.000799039,0.333195,0.0778749,0.0
3.70928,0.000799428,0.299875,0.0703935,0.0
3.70785,0.000778607,0.233236,0.0622319,0.0
3.70967,0.000775169,0.249896,0.0642723,0.0
3.71071,0.000776077,0.383174,0.0795753,0.0
3.71035,0.000788531,0.299875,0.0703935,0.0
3.70906,0.000764143,0.149938,0.0499896,0.0
3.70979,0.000786909,0.383174,0.0795753,0.0
3.71093,0.000778542,0.283215,0.0683531,0.0
3.71076,0.000756684,0.283215,0.0683531,0.0
3.71023,0.000779969,0.366514,0.0778749,0.0
3.71089,0.000783861,0.299875,0.0703935,0.0
3.70963,0.000738522,0.183257,0.0550906,0.0
3.70986,0.000774261,0.316535,0.0724339,0.0
3.71019,0.000768099,0.316535,0.0724339,0.0
3.709,0.000752727,0.216576,0.0598515,0.0
3.70943,0.000768359,0.333195,0.0741342,0.0
3.70982,0.000767256,0.249896,0.0642723,0.0
3.70972,0.000761743,0.299875,0.0703935,0.0
3.70993,0.000759862,0.266556,0.0663127,0.0
3.71024,0.000783342,0.199917,0.057471,0.0
3.7109,0.000773029,0.399833,0.0812756,0.0
3.71131,0.000790217,0.316535,0.0724339,0.0
3.71139,0.000783212,0.366514,0.0812756,0.0
3.71115,0.000781396,0.299875,0.0703935,0.0
3.71066,0.000776531,0.316535,0.0724339,0.0
3.71034,0.000751235,0.149938,0.0499896,0.0
3.71033,0.000792877,0.283215,0.0683531,0.0
3.7115,0.000790152,0.299875,0.0703935,0.0
3.71096,0.000779515,0.216576,0.0598515,0.0
3.7107,0.000747733,0.299875,0.0703935,0.0
3.71059,0.000788077,0.233236,0.0622319,0.0
3.7107,0.000767645,0.183257,0.0550906,0.0
3.7107,0.000804811,0.316535,0.0724339,0.0
3.71147,0.000789763,0.299875,0.0703935,0.0
3.71108,0.000770823,0.183257,0.0550906,0.0
3.71083,0.000773613,0.249896,0.0642723,0.0
3.71104,0.00077024,0.299875,0.0703935,0.0
3.71063,0.000761159,0.183257,0.0550906,0.0
3.71122,0.000757397,0.216576,0.0598515,0.0
3.71114,0.000763364,0.266556,0.0663127,0.0
3.71152,0.000746176,0.199917,0.057471,0.0
3.71101,0.000761808,0.233236,0.0622319,0.0
3.71027,0.000782693,0.283215,0.0724339,0.0
3.71068,0.00076051,0.266556,0.0663127,0.0
3.71084,0.000753959,0.266556,0.0663127,0.0
3.71178,0.0007609,0.166597,0.0527101,0.0
3.71074,0.000749743,0.133278,0.046929,0.0
3.71125,0.000765505,0.283215,0.0683531,0.0
3.71224,0.000776142,0.233236,0.0663127,0.0
3.71128,0.000755516,0.166597,0.0527101,0.0
3.71221,0.000790282,0.349854,0.0761746,0.0
3.71333,0.000790412,0.349854,0.0761746,0.0
3.71278,0.000776531,0.383174,0.0795753,0.0
3.71192,0.000760251,0.199917,0.057471,0.0
3.71176,0.000780877,0.199917,0.057471,0.0
3.71249,0.000780747,0.249896,0.0642723,0.0
3.71159,0.000762391,0.233236,0.0622319,0.0
3.71128,0.000778412,0.199917,0.057471,0.0
3.71193,0.000770564,0.283215,0.0683531,0.0
3.71288,0.000781137,0.299875,0.0703935,0.0
3.71343,0.000798649,0.416493,0.0829759,0.0
3.71269,0.000777893,0.199917,0.057471,0.0
3.71109,0.000769851,0.216576,0.0598515,0.0
3.71088,0.000733917,0.233236,0.0622319,0.0
3.71223,0.000737938,0.233236,0.0622319,0.0
3.71263,0.000776596,0.199917,0.057471,0.0
3.71211,0.000756748,0.216576,0.0598515,0.0
3.71113,0.000757851,0.299875,0.0703935,0.0
3.7113,0.000738846,0.149938,0.0499896,0.0
3.71215,0.00077491,0.333195,0.0741342,0.0
3.7124,0.00076771,0.249896,0.0642723,0.0
3.71136,0.000764986,0.216576,0.0598515,0.0
3.71286,0.000778153,0.283215,0.0683531,0.0
3.71384,0.000775688,0.316535,0.0761746,0.0
3.71293,0.000761743,0.249896,0.0642723,0.0
3.71281,0.000776921,0.316535,0.0724339,0.0
3.71426,0.000771861,0.333195,0.0741342,0.0
3.71404,0.000763948,0.249896,0.0642723,0.0
3.7131,0.00078412,0.283215,0.0683531,0.0
3.71379,0.000775364,0.233236,0.0622319,0.0
3.71286,0.000761872,0.249896,0.0642723,0.0
3.71289,0.000777375,0.249896,0.0642723,0.0
3.71285,0.000771278,0.299875,0.0703935,0.0
3.71353,0.000790606,0.349854,0.0761746,0.0
3.71327,0.000782693,0.133278,0.046929,0.0
3.71197,0.000726133,0.199917,0.057471,0.0
3.71202,0.000743776,0.183257,0.0550906,0.0
3.71249,0.000713096,0.166597,0.0527101,0.0
3.71258,0.000749873,0.199917,0.057471,0.0
3.71328,0.000759667,0.266556,0.0663127,0.0
3.71403,0.000777829,0.366514,0.0812756,0.0
3.71346,0.000780488,0.249896,0.0642723,0.0
3.71389,0.000800012,0.316535,0.0724339,0.0
3.7135,0.000760381,0.183257,0.0550906,0.0
3.71195,0.000749354,0.199917,0.057471,0.0
3.71317,0.000771342,0.283215,0.0683531,0.0
3.71552,0.00078412,0.366514,0.0778749,0.0
3.7154,0.00077011,0.183257,0.0550906,0.0
3.71461,0.000764921,0.266556,0.0663127,0.0
3.71443,0.00077251,0.216576,0.0598515,0.0
3.71365,0.000779191,0.266556,0.0663127,0.0
3.71279,0.000754673,0.233236,0.0622319,0.0
3.71433,0.000762327,0.166597,0.0527101,0.0
3.71455,0.000743322,0.183257,0.0550906,0.0
3.71374,0.000741635,0.183257,0.0550906,0.0
3.71465,0.000750522,0.316535,0.0724339,0.0
3.71498,0.000782045,0.316535,0.0724339,0.0
3.71428,0.000750716,0.149938,0.0499896,0.0
3.71496,0.000775234,0.249896,0.0642723,0.0
3.71475,0.000737549,0.183257,0.0550906,0.0
3.71372,0.000743322,0.199917,0.057471,0.0
3.71399,0.000740857,0.166597,0.0527101,0.0
3.71519,0.000785417,0.266556,0.0663127,0.0
3.7154,0.000778866,0.249896,0.0642723,0.0
3.71469,0.000773094,0.199917,0.057471,0.0
3.71515,0.00077504,0.299875,0.0703935,0.0
3.71513,0.000759213,0.199917,0.057471,0.0
3.71491,0.000765894,0.283215,0.0683531,0.0
3.7157,0.000749614,0.0999584,0.0408078,0.0
3.71526,0.000761289,0.216576,0.0598515,0.0
3.71502,0.000775558,0.149938,0.0499896,0.0
3.7151,0.000752597,0.283215,0.0683531,0.0
3.71493,0.000745397,0.116618,0.0438684,0.0
3.7149,0.000741765,0.149938,0.0499896,0.0
3.71516,0.000732879,0.266556,0.0663127,0.0
3.7143,0.000748316,0.166597,0.0527101,0.0
3.71469,0.00073729,0.216576,0.0598515,0.0
3.71517,0.000757332,0.166597,0.0527101,0.0
3.7152,0.000745203,0.183257,0.0550906,0.0
3.71491,0.000730868,0.166597,0.0527101,0.0
3.71615,0.000778672,0.249896,0.0642723,0.0
3.71522,0.000772575,0.233236,0.0622319,0.0
3.71531,0.000740663,0.199917,0.057471,0.0
3.71576,0.000738976,0.183257,0.0550906,0.0
3.71615,0.000745268,0.233236,0.0622319,0.0
3.71554,0.000729831,0.166597,0.0527101,0.0
3.71617,0.00077491,0.266556,0.0663127,0.0
3.7158,0.000753505,0.233236,0.0622319,0.0
3.71616,0.000760705,0.249896,0.0642723,0.0
3.7166,0.000760121,0.266556,0.0663127,0.0
3.71657,0.000760381,0.349854,0.0761746,0.0
3.71646,0.000757267,0.183257,0.0550906,0.0
3.71574,0.000747992,0.216576,0.0598515,0.0
3.71694,0.0007585,0.216576,0.0598515,0.0
3.71662,0.000745527,0.199917,0.057471,0.0
3.71753,0.000764337,0.283215,0.0683531,0.0
3.71789,0.000753181,0.133278,0.046929,0.0
3.718,0.000753505,0.249896,0.0642723,0.0
3.71729,0.000778802,0.266556,0.0663127,0.0
3.7168,0.000769397,0.216576,0.0598515,0.0
3.7168,0.000717247,0.0999584,0.0408078,0.0
3.71684,0.000745657,0.249896,0.0642723,0.0
3.71706,0.000757916,0.266556,0.0703935,0.0
3.71697,0.000756619,0.216576,0.0598515,0.0
3.71693,0.000769656,0.299875,0.0703935,0.0
3.71694,0.00075584,0.233236,0.0622319,0.0
3.71793,0.000760964,0.383174,0.0795753,0.0
3.71748,0.000761159,0.233236,0.0622319,0.0
3.71665,0.000760446,0.199917,0.057471,0.0
3.71784,0.000770369,0.266556,0.0663127,0.0
3.71746,0.000756294,0.166597,0.0527101,0.0
3.71773,0.000770888,0.249896,0.0642723,0.0
3.71742,0.000734436,0.0999584,0.0408078,0.0
3.71659,0.000747733,0.183257,0.0550906,0.0
3.717,0.0007489,0.133278,0.046929,0.0
3.71749,0.000733463,0.0832986,0.0370671,0.0
3.71754,0.000728014,0.183257,0.0550906,0.0
3.7179,0.00076317,0.199917,0.057471,0.0
3.71846,0.000742025,0.0999584,0.0408078,0.0
3.71802,0.000741635,0.199917,0.057471,0.0
3.71852,0.00073969,0.149938,0.0499896,0.0
3.71821,0.000737549,0.199917,0.057471,0.0
3.71774,0.000732944,0.133278,0.046929,0.0
3.71722,0.000729506,0.166597,0.0527101,0.0
3.71903,0.000772964,0.333195,0.0741342,0.0
3.71972,0.000778283,0.399833,0.0812756,0.0
3.71734,0.000777634,0.266556,0.0663127,0.0
3.71746,0.000740727,0.183257,0.0550906,0.0
3.71905,0.000752403,0.216576,0.0598515,0.0
3.71935,0.000771667,0.216576,0.0598515,0.0
3.71839,0.000744749,0.183257,0.0550906,0.0
3.71779,0.000742025,0.133278,0.0527101,0.0
3.71824,0.000743062,0.216576,0.0598515,0.0
3.71905,0.000763883,0.249896,0.0642723,0.0
3.71972,0.000772056,0.199917,0.057471,0.0
3.71896,0.000735019,0.166597,0.0527101,0.0
3.71855,0.000722047,0.0832986,0.0370671,0.0
3.71826,0.000716145,0.149938,0.0499896,0.0
3.71836,0.000714653,0.183257,0.0550906,0.0
3.71885,0.000747473,0.249896,0.0642723,0.0
3.71928,0.000738263,0.266556,0.0663127,0.0
3.7201,0.000752078,0.166597,0.0527101,0.0
3.71906,0.000740468,0.183257,0.0550906,0.0
3.71872,0.000730479,0.0999584,0.0408078,0.0
3.71964,0.000743452,0.216576,0.0598515,0.0
3.72049,0.00075117,0.199917,0.057471,0.0
3.7197,0.000745008,0.233236,0.0622319,0.0
3.71907,0.000746954,0.183257,0.0550906,0.0
3.7194,0.000751235,0.133278,0.046929,0.0
3.7199,0.000739949,0.166597,0.0527101,0.0
3.71928,0.000763364,0.183257,0.0550906,0.0
3.71921,0.00075383,0.216576,0.0598515,0.0
3.71917,0.000730349,0.0999584,0.0408078,0.0
3.71928,0.000733138,0.133278,0.046929,0.0
3.71945,0.000726198,0.116618,0.0438684,0.0
3.72,0.000719063,0.149938,0.0499896,0.0
3.72012,0.000732879,0.149938,0.0499896,0.0
3.71999,0.000742998,0.216576,0.0598515,0.0
3.72051,0.000742284,0.299875,0.0703935,0.0
3.72121,0.000743711,0.183257,0.0550906,0.0
3.72063,0.000754802,0.233236,0.0622319,0.0
3.72021,0.000736057,0.133278,0.046929,0.0
3.72107,0.000751495,0.199917,0.057471,0.0
3.7206,0.000742479,0.0999584,0.0408078,0.0
3.71965,0.000716793,0.166597,0.0527101,0.0
3.72022,0.000728144,0.0832986,0.0370671,0.0
3.72095,0.000747862,0.283215,0.0683531,0.0
3.72051,0.000718609,0.0999584,0.0408078,0.0
3.72024,0.000733009,0.216576,0.0598515,0.0
3.72102,0.000755192,0.166597,0.0527101,0.0
3.72097,0.000765245,0.266556,0.0663127,0.0
3.72112,0.000757008,0.183257,0.0550906,0.0
3.72098,0.000764921,0.349854,0.0761746,0.0
3.72125,0.000752338,0.216576,0.0598515,0.0
3.72099,0.000753894,0.199917,0.057471,0.0
3.72101,0.000746565,0.183257,0.0550906,0.0
3.72084,0.000750781,0.0832986,0.0370671,0.0
3.72042,0.000702848,0.0999584,0.0408078,0.0
3.72183,0.000771602,0.216576,0.0598515,0.0
3.72288,0.000929542,0.249896,0.0642723,0.0
3.72238,0.000752013,0.233236,0.0622319,0.0
3.72192,0.000743646,0.166597,0.0527101,0.0
3.72244,0.000725485,0.0666389,0.0333264,0.0
3.72145,0.000723863,0.133278,0.046929,0.0
3.7227,0.000736187,0.166597,0.0527101,0.0
3.72319,0.000747408,0.216576,0.0598515,0.0
3.72191,0.000707777,0.0999584,0.0408078,0.0
3.72157,0.000723928,0.149938,0.0499896,0.0
3.72245,0.000735474,0.249896,0.0642723,0.0
3.72342,0.00073249,0.199917,0.057471,0.0
3.72202,0.000717053,0.0999584,0.0408078,0.0
3.72232,0.000742479,0.183257,0.0550906,0.0
3.72223,0.000729701,0.116618,0.0438684,0.0
3.72309,0.000752597,0.249896,0.0642723,0.0
3.72248,0.000734306,0.133278,0.046929,0.0
3.72217,0.000740079,0.116618,0.0438684,0.0
3.72251,0.000737484,0.0832986,0.0370671,0.0
3.72265,0.00073729,0.166597,0.0527101,0.0
3.72288,0.000728598,0.116618,0.0438684,0.0
3.72328,0.000759148,0.183257,0.0550906,0.0
3.7232,0.000753181,0.149938,0.0499896,0.0
3.72348,0.000767645,0.283215,0.0683531,0.0
3.72309,0.000730349,0.133278,0.046929,0.0
3.72357,0.000737355,0.183257,0.0550906,0.0
3.72409,0.00074903,0.166597,0.0527101,0.0
3.72394,0.000740273,0.166597,0.0527101,0.0
3.72324,0.000751689,0.199917,0.057471,0.0
3.72364,0.000766607,0.199917,0.057471,0.0
3.72438,0.000722696,0.166597,0.0527101,0.0
3.72306,0.000731257,0.116618,0.0438684,0.0
3.7226,0.000744295,0.216576,0.0598515,0.0
3.7241,0.000744425,0.166597,0.0527101,0.0
3.72366,0.000740403,0.133278,0.046929,0.0
3.72436,0.000742803,0.233236,0.0622319,0.0
3.72421,0.000731257,0.149938,0.0499896,0.0
3.72307,0.000716663,0.183257,0.0550906,0.0
3.72448,0.00072529,0.133278,0.046929,0.0
3.72434,0.000726652,0.116618,0.0438684,0.0
3.72388,0.000733009,0.166597,0.0527101,0.0
3.72404,0.000724901,0.283215,0.0683531,0.0
3.72459,0.00073022,0.116618,0.0438684,0.0
3.72372,0.000713615,0.133278,0.046929,0.0
3.72467,0.000757462,0.216576,0.0598515,0.0
3.7257,0.000755062,0.183257,0.0550906,0.0
3.72467,0.000757332,0.183257,0.0550906,0.0
3.72448,0.000724317,0.0666389,0.0333264,0.0
3.72462,0.000715496,0.116618,0.0438684,0.0
3.72512,0.000736706,0.233236,0.0622319,0.0
3.72556,0.000742349,0.183257,0.0550906,0.0
3.7258,0.000752013,0.166597,0.0527101,0.0
3.72573,0.00074877,0.166597,0.0527101,0.0
3.72571,0.000738068,0.116618,0.0438684,0.0
3.72573,0.000752986,0.199917,0.057471,0.0
3.7263,0.00073476,0.199917,0.057471,0.0
3.72642,0.000723215,0.149938,0.0499896,0.0
3.72569,0.000732036,0.199917,0.057471,0.0
3.72596,0.00072769,0.149938,0.0499896,0.0
3.72604,0.000727106,0.133278,0.046929,0.0
3.72545,0.000727625,0.0832986,0.0370671,0.0
3.72569,0.000735214,0.133278,0.046929,0.0
3.72621,0.000735733,0.149938,0.0499896,0.0
3.72593,0.000732879,0.149938,0.0499896,0.0
3.72613,0.000718934,0.0666389,0.0333264,0.0
3.72613,0.000733722,0.183257,0.0550906,0.0
3.72611,0.00076317,0.249896,0.0642723,0.0
3.72586,0.000735084,0.116618,0.0438684,0.0
3.72639,0.000728274,0.216576,0.0598515,0.0
3.72689,0.000738003,0.116618,0.0438684,0.0
3.72679,0.000748576,0.133278,0.046929,0.0
3.72618,0.000738717,0.149938,0.0499896,0.0
3.72639,0.000722177,0.166597,0.0527101,0.0
3.72751,0.000735474,0.183257,0.0550906,0.0
3.72747,0.0007393,0.183257,0.0550906,0.0
3.72695,0.00073489,0.116618,0.0438684,0.0
3.72636,0.000738003,0.183257,0.0550906,0.0
3.72733,0.000741181,0.149938,0.0499896,0.0
3.72762,0.000747343,0.133278,0.046929,0.0
3.72795,0.000747019,0.216576,0.0598515,0.0
3.72787,0.0007441,0.183257,0.0550906,0.0
3.72723,0.000723085,0.116618,0.0438684,0.0
3.72781,0.000733528,0.199917,0.057471,0.0
3.72705,0.000724771,0.149938,0.0499896,0.0
3.72684,0.00071342,0.0666389,0.0333264,0.0
3.72717,0.000715626,0.183257,0.0550906,0.0
3.72823,0.000724317,0.183257,0.0550906,0.0
3.72877,0.000734306,0.199917,0.057471,0.0
3.72751,0.000731063,0.133278,0.046929,0.0
3.7275,0.000713745,0.149938,0.0499896,0.0
3.72766,0.000750911,0.166597,0.0527101,0.0
3.72824,0.000726198,0.0832986,0.0370671,0.0
3.72817,0.000723928,0.0999584,0.0408078,0.0
3.72781,0.00075824,0.116618,0.0438684,0.0
3.7282,0.000729766,0.133278,0.046929,0.0
3.72834,0.000749159,0.199917,0.057471,0.0
3.72858,0.000747733,0.0999584,0.0408078,0.0
3.72935,0.000737744,0.266556,0.0663127,0.0
3.72867,0.000734825,0.116618,0.0438684,0.0
3.72859,0.000756294,0.133278,0.046929,0.0
3.72949,0.000782239,0.166597,0.0527101,0.0
3.72836,0.000729701,0.116618,0.0438684,0.0
3.7284,0.000740792,0.149938,0.0499896,0.0
3.72821,0.000731582,0.183257,0.0550906,0.0
3.7281,0.000715755,0.116618,0.0438684,0.0
3.72855,0.000696751,0.0832986,0.0370671,0.0
3.72917,0.000729117,0.133278,0.046929,0.0
3.72959,0.000728144,0.133278,0.0527101,0.0
3.72937,0.000740987,0.283215,0.0683531,0.0
3.72934,0.000735214,0.116618,0.0438684,0.0
3.72925,0.000728144,0.116618,0.0438684,0.0
3.72889,0.000718609,0.0666389,0.0333264,0.0
3.72974,0.000724382,0.149938,0.0499896,0.0
3.72983,0.000730868,0.149938,0.0499896,0.0
3.73049,0.000767256,0.216576,0.0598515,0.0
3.73045,0.000729247,0.133278,0.046929,0.0
3.72992,0.000723928,0.116618,0.0438684,0.0
3.73018,0.000713939,0.0832986,0.0370671,0.0
3.73007,0.000714588,0.149938,0.0499896,0.0
3.72968,0.000716728,0.0666389,0.0333264,0.0
3.73024,0.000716728,0.133278,0.046929,0.0
3.73084,0.000747668,0.216576,0.0598515,0.0
3.73167,0.000748057,0.249896,0.0642723,0.0
3.73017,0.000730025,0.0832986,0.0370671,0.0
3.73066,0.000720361,0.133278,0.046929,0.0
3.73142,0.000719063,0.183257,0.0550906,0.0
3.73043,0.000737484,0.133278,0.046929,0.0
3.73015,0.000745333,0.166597,0.0527101,0.0
3.73089,0.000747084,0.183257,0.0550906,0.0
3.73095,0.000741506,0.149938,0.0499896,0.0
3.73107,0.0007393,0.149938,0.0499896,0.0
3.73036,0.000736511,0.199917,0.057471,0.0
3.73105,0.000729182,0.133278,0.046929,0.0
3.73055,0.000708296,0.0666389,0.0333264,0.0
3.73082,0.000708037,0.0999584,0.0408078,0.0
3.73128,0.000705313,0.133278,0.046929,0.0
3.7326,0.000729117,0.149938,0.0499896,0.0
3.73195,0.00072996,0.149938,0.0499896,0.0
3.73149,0.000730155,0.116618,0.0438684,0.0
3.73174,0.000731517,0.116618,0.0438684,0.0
3.73174,0.000726912,0.0666389,0.0333264,0.0
3.73118,0.000725355,0.116618,0.0438684,0.0
3.73215,0.000754738,0.183257,0.0550906,0.0
3.73314,0.00073223,0.199917,0.057471,0.0
3.73088,0.000741117,0.133278,0.046929,0.0
3.732,0.000730479,0.0832986,0.0370671,0.0
3.73277,0.000702523,0.133278,0.046929,0.0
3.73233,0.000716209,0.0666389,0.0333264,0.0
3.73211,0.000737355,0.116618,0.0438684,0.0
3.73294,0.00071128,0.133278,0.046929,0.0
3.73335,0.000744814,0.199917,0.057471,0.0
3.73312,0.000717961,0.133278,0.046929,0.0
3.73313,0.000726782,0.133278,0.046929,0.0
3.73327,0.000726912,0.166597,0.0527101,0.0
3.73257,0.00070875,0.116618,0.0438684,0.0
3.73224,0.000748122,0.183257,0.0550906,0.0
3.73379,0.000745397,0.233236,0.0622319,0.0
3.73335,0.00076077,0.149938,0.0499896,0.0
3.73219,0.000714653,0.0999584,0.0408078,0.0
3.73249,0.000701097,0.0666389,0.0333264,0.0
3.7326,0.000709204,0.133278,0.046929,0.0
3.73297,0.000728533,0.249896,0.0642723,0.0
3.73308,0.000720166,0.0999584,0.0408078,0.0
3.7325,0.000714069,0.133278,0.046929,0.0
3.73358,0.000714458,0.0666389,0.0333264,0.0
3.73429,0.00075811,0.149938,0.0499896,0.0
3.73424,0.000713096,0.0999584,0.0408078,0.0
3.73477,0.000740208,0.166597,0.0527101,0.0
3.73417,0.000721334,0.0999584,0.0408078,0.0
3.73423,0.000730349,0.0832986,0.0370671,0.0
3.73358,0.000716015,0.116618,0.0438684,0.0
3.73496,0.000724966,0.149938,0.0499896,0.0
3.7351,0.0007561,0.133278,0.046929,0.0
3.73419,0.000722047,0.0666389,0.0333264,0.0
3.73448,0.000736317,0.116618,0.0438684,0.0
3.735,0.000745851,0.199917,0.057471,0.0
3.73499,0.000729312,0.133278,0.046929,0.0
3.73418,0.000710956,0.166597,0.0527101,0.0
3.73534,0.000727885,0.183257,0.0550906,0.0
3.73672,0.000746565,0.199917,0.057471,0.0
3.73542,0.000737614,0.183257,0.0550906,0.0
3.73498,0.000721593,0.133278,0.046929,0.0
3.73511,0.000710696,0.116618,0.0438684,0.0
3.73552,0.00072516,0.149938,0.0499896,0.0
3.73617,0.000741376,0.183257,0.0550906,0.0
3.73552,0.000709269,0.166597,0.0527101,0.0
3.73464,0.000706804,0.166597,0.0527101,0.0
3.73578,0.00072795,0.133278,0.046929,0.0
3.73519,0.000709075,0.116618,0.0438684,0.0
3.73516,0.000715755,0.116618,0.0438684,0.0
3.73501,0.000732295,0.116618,0.0438684,0.0
3.73494,0.00068981,0.116618,0.0438684,0.0
3.73502,0.000734176,0.149938,0.0499896,0.0
3.73572,0.000713615,0.0499792,0.0289055,0.0
3.73497,0.000723798,0.166597,0.0527101,0.0
3.73553,0.000733593,0.0832986,0.0370671,0.0
3.73587,0.000714523,0.0666389,0.0333264,0.0
3.7363,0.000705572,0.0832986,0.0370671,0.0
3.73701,0.000705831,0.0832986,0.0370671,0.0
3.7359,0.000698956,0.0832986,0.0370671,0.0
3.73591,0.000723604,0.0832986,0.0370671,0.0
3.73712,0.000719063,0.149938,0.0499896,0.0
3.73728,0.000732879,0.149938,0.0499896,0.0
3.73631,0.00073703,0.199917,0.057471,0.0
3.73667,0.000730349,0.149938,0.0550906,0.0
3.73734,0.000736901,0.0832986,0.0370671,0.0
3.73693,0.000709399,0.0666389,0.0333264,0.0
3.73697,0.000723539,0.133278,0.046929,0.0
3.73795,0.000719582,0.133278,0.046929,0.0
3.73723,0.000715366,0.133278,0.046929,0.0
3.73653,0.000705896,0.0999584,0.0408078,0.0
3.73794,0.000712577,0.0999584,0.0408078,0.0
3.7378,0.000715431,0.116618,0.0438684,0.0
3.73738,0.00072555,0.116618,0.0438684,0.0
3.73805,0.00072769,0.149938,0.0499896,0.0
3.73821,0.000719388,0.0666389,0.0333264,0.0
3.73802,0.000724706,0.216576,0.0598515,0.0
3.73775,0.000721788,0.0666389,0.0333264,0.0
3.73879,0.000723669,0.133278,0.046929,0.0
3.7375,0.000734436,0.0999584,0.0408078,0.0
3.73848,0.000719323,0.166597,0.0527101,0.0
3.73836,0.000723669,0.0832986,0.0370671,0.0
3.7381,0.000715755,0.0999584,0.0408078,0.0
3.73882,0.000726263,0.149938,0.0499896,0.0
3.73876,0.000725485,0.149938,0.0499896,0.0
3.7382,0.000729247,0.199917,0.057471,0.0
3.73902,0.000717701,0.116618,0.0438684,0.0
3.73953,0.000731906,0.133278,0.046929,0.0
3.73967,0.000726717,0.116618,0.0438684,0.0
3.73835,0.000708491,0.0333195,0.0234645,0.0
3.73861,0.000706999,0.0666389,0.0333264,0.0
3.73997,0.000724382,0.149938,0.0499896,0.0
3.7387,0.000700707,0.149938,0.0499896,0.0
3.73801,0.000717442,0.0666389,0.0333264,0.0
3.73862,0.000696491,0.116618,0.0438684,0.0
3.73921,0.000708945,0.0666389,0.0333264,0.0
3.73929,0.000721528,0.116618,0.0438684,0.0
3.7393,0.000721528,0.133278,0.046929,0.0
3.73874,0.000712642,0.0666389,0.0333264,0.0
3.73905,0.000702653,0.149938,0.0499896,0.0
3.74047,0.00071582,0.0832986,0.0370671,0.0
3.74008,0.000723409,0.0999584,0.0408078,0.0
3.73908,0.000712837,0.133278,0.046929,0.0
3.73994,0.000714782,0.149938,0.0499896,0.0
3.73993,0.000724966,0.166597,0.0527101,0.0
3.73968,0.000702394,0.149938,0.0499896,0.0
3.74077,0.00070674,0.0999584,0.0408078,0.0
3.74112,0.00070395,0.149938,0.0499896,0.0
3.74038,0.000712901,0.133278,0.046929,0.0
3.74142,0.000711799,0.116618,0.0438684,0.0
3.74081,0.000687994,0.0832986,0.0370671,0.0
3.74051,0.000692405,0.133278,0.0527101,0.0
3.73943,0.000692794,0.0333195,0.0234645,0.0
3.74012,0.000718544,0.0999584,0.0408078,0.0
3.74088,0.000720944,0.166597,0.0527101,0.0
3.74041,0.00068527,0.0666389,0.0333264,0.0
3.74119,0.000709983,0.0666389,0.0333264,0.0
3.74143,0.000700383,0.149938,0.0499896,0.0
3.74107,0.000717182,0.116618,0.0438684,0.0
3.74136,0.000718674,0.133278,0.046929,0.0
3.74112,0.000700059,0.0666389,0.0333264,0.0
3.74202,0.000709269,0.166597,0.0527101,0.0
3.74292,0.000740727,0.183257,0.0598515,0.0
3.7415,0.000734241,0.0999584,0.0408078,0.0
3.74153,0.000740273,0.149938,0.0499896,0.0
3.74244,0.000714199,0.0999584,0.0408078,0.0
3.74257,0.000712188,0.133278,0.046929,0.0
3.74178,0.000729831,0.149938,0.0499896,0.0
3.74077,0.000723279,0.0499792,0.0289055,0.0
3.74158,0.000706999,0.133278,0.046929,0.0
3.74226,0.000708361,0.133278,0.046929,0.0
3.74237,0.000710956,0.0666389,0.0333264,0.0
3.74236,0.000735149,0.133278,0.046929,0.0
3.74297,0.000733268,0.0832986,0.0370671,0.0
3.74216,0.000744035,0.133278,0.046929,0.0
3.74166,0.000718674,0.0333195,0.0234645,0.0
3.74163,0.000702199,0.0499792,0.0289055,0.0
3.74306,0.000711085,0.133278,0.046929,0.0
3.74247,0.000710177,0.0666389,0.0333264,0.0
3.74289,0.000717701,0.133278,0.046929,0.0
3.74424,0.000735733,0.249896,0.0642723,0.0
3.74308,0.000700578,0.133278,0.046929,0.0
3.74213,0.000713031,0.0999584,0.0408078,0.0
3.74343,0.000715172,0.0499792,0.0289055,0.0
3.74384,0.000694027,0.0999584,0.0408078,0.0
3.74485,0.000735474,0.149938,0.0499896,0.0
3.74442,0.000715885,0.133278,0.046929,0.0
3.74438,0.000716469,0.116618,0.0438684,0.0
3.74433,0.000712512,0.0832986,0.0370671,0.0
3.74426,0.000712058,0.133278,0.046929,0.0
3.7439,0.000724771,0.183257,0.0550906,0.0
3.74464,0.000705896,0.0999584,0.0408078,0.0
3.74421,0.000719582,0.0999584,0.0408078,0.0
3.74413,0.000704729,0.0666389,0.0333264,0.0
3.74408,0.000709788,0.116618,0.0438684,0.0
3.74419,0.000723085,0.199917,0.057471,0.0
3.74458,0.000726328,0.0499792,0.0289055,0.0
3.74454,0.000718934,0.166597,0.057471,0.0
3.74484,0.000716469,0.0832986,0.0370671,0.0
3.74472,0.000720815,0.116618,0.0438684,0.0
3.74586,0.000737419,0.149938,0.0499896,0.0
3.74575,0.000720555,0.133278,0.046929,0.0
3.74367,0.000732814,0.166597,0.0527101,0.0
3.74333,0.000721074,0.0832986,0.0370671,0.0
3.74451,0.000730155,0.166597,0.0527101,0.0
3.74583,0.000714328,0.0832986,0.0370671,0.0
3.74483,0.000709334,0.133278,0.046929,0.0
3.74542,0.000722566,0.0499792,0.0289055,0.0
3.74537,0.000714069,0.133278,0.046929,0.0
3.74562,0.00071582,0.149938,0.0499896,0.0
3.74578,0.000716015,0.183257,0.0550906,0.0
3.74526,0.000708621,0.0999584,0.0408078,0.0
3.74571,0.000707583,0.116618,0.0438684,0.0
3.74554,0.000682092,0.149938,0.0499896,0.0
3.7449,0.000700967,0.0832986,0.0370671,0.0
3.74558,0.00071342,0.0666389,0.0333264,0.0
3.74544,0.000691237,0.0,0.0,0.0
3.74601,0.000690265,0.0666389,0.0333264,0.0
3.7465,0.000705118,0.0999584,0.0408078,0.0
3.74612,0.000713096,0.0832986,0.0370671,0.0
3.74605,0.000703756,0.116618,0.0438684,0.0
3.74646,0.000705702,0.133278,0.046929,0.0
3.7469,0.00072289,0.0999584,0.0408078,0.0
3.74607,0.000709529,0.0832986,0.0370671,0.0
3.7462,0.00072782,0.149938,0.0499896,0.0
3.74747,0.000708685,0.0999584,0.0408078,0.0
3.74678,0.000713355,0.0999584,0.0408078,0.0
3.74688,0.000728274,0.149938,0.0499896,0.0
3.74786,0.000723085,0.0999584,0.0408078,0.0
3.74685,0.000691108,0.0666389,0.0333264,0.0
3.74701,0.000699994,0.0832986,0.0370671,0.0
3.74805,0.000712512,0.0499792,0.0289055,0.0
3.7483,0.000703302,0.133278,0.046929,0.0
0.0,0.0,0.0,0.0,0.0
0.0,0.0,0.0,0.0,0.0
0.0,0.0,0.0,0.0,0.0
0.0,0.0,0.0,0.0,0.0
0.0,0.0,0.0,0.0,0.0
0.0,0.0,0.0,0.0,0.0
0.0,0.0,0.0,0.0,0.0
0.0,0.0,0.0,0.0,0.0
0.0,0.0,0.0,0.0,0.0
0.0,0.0,0.0,0.0,0.0
0.0,0.0,0.0,0.0,0.0
0.0,0.0,0.0,0.0,0.0
0.0,0.0,0.0,0.0,0.0
0.0,0.0,0.0,0.0,0.0
0.0,0.0,0.0,0.0,0.0
0.0,0.0,0.0,0.0,0.0
0.0,0.0,0.0,0.0,0.0
0.0,0.0,0.0,0.0,0.0
0.0,0.0,0.0,0.0,0.0
0.0,0.0,0.0,0.0,0.0
0.0,0.0,0.0,0.0,0.0
0.0,0.0,0.0,0.0,0.0
0.0,0.0,0.0,0.0,0.0
0.0,0.0,0.0,0.0,0.0
0.0,0.0,0.0,0.0,0.0
0.0,0.0,0.0,0.0,0.0
0.0,0.0,0.0,0.0,0.0
0.0,0.0,0.0,0.0,0.0
0.0,0.0,0.0,0.0,0.0
0.0,0.0,0.0,0.0,0.0
0.0,0.0,0.0,0.0,0.0
0.0,0.0,0.0,0.0,0.0
0.0,0.0,0.0,0.0,0.0
0.0,0.0,0.0,0.0,0.0
0.0,0.0,0.0,0.0,0.0
0.0,0.0,0.0,0.0,0.0
0.0,0.0,0.0,0.0,0.0
0.0,0.0,0.0,0.0,0.0
0.0,0.0,0.0,0.0,0.0
0.0,0.0,0.0,0.0,0.0
0.0,0.0,0.0,0.0,0.0
0.0,0.0,0.0,0.0,0.0
0.0,0.0,0.0,0.0,0.0
0.0,0.0,0.0,0.0,0.0
0.0,0.0,0.0,0.0,0.0
0.0,0.0,0.0,0.0,0.0
0.0,0.0,0.0,0.0,0.0
0.0,0.0,0.0,0.0,0.0
0.0,0.0,0.0,0.0,0.0
0.0,0.0,0.0,0.0,0.0
0.0,0.0,0.0,0.0,0.0
0.0,0.0,0.0,0.0,0.0
0.0,0.0,0.0,0.0,0.0
0.0,0.0,0.0,0.0,0.0
0.0,0.0,0.0,0.0,0.0
0.0,0.0,0.0,0.0,0.0
0.0,0.0,0.0,0.0,0.0
0.0,0.0,0.0,0.0,0.0
0.0,0.0,0.0,0.0,0.0
0.0,0.0,0.0,0.0,0.0
0.0,0.0,0.0,0.0,0.0
0.0,0.0,0.0,0.0,0.0
0.0,0.0,0.0,0.0,0.0
0.0,0.0,0.0,0.0,0.0
0.0,0.0,0.0,0.0,0.0
0.0,0.0,0.0,0.0,0.0
0.0,0.0,0.0,0.0,0.0
0.0,0.0,0.0,0.0,0.0
0.0,0.0,0.0,0.0,0.0
0.0,0.0,0.0,0.0,0.0
0.0,0.0,0.0,0.0,0.0
0.0,0.0,0.0,0.0,0.0
0.0,0.0,0.0,0.0,0.0
0.0,0.0,0.0,0.0,0.0
0.0,0.0,0.0,0.0,0.0
0.0,0.0,0.0,0.0,0.0
0.0,0.0,0.0,0.0,0.0
0.0,0.0,0.0,0.0,0.0
0.0,0.0,0.0,0.0,0.0
0.0,0.0,0.0,0.0,0.0
0.0,0.0,0.0,0.0,0.0
0.0,0.0,0.0,0.0,0.0
0.0,0.0,0.0,0.0,0.0
0.0,0.0,0.0,0.0,0.0
0.0,0.0,0.0,0.0,0.0
0.0,0.0,0.0,0.0,0.0
0.0,0.0,0.0,0.0,0.0
0.0,0.0,0.0,0.0,0.0
0.0,0.0,0.0,0.0,0.0
0.0,0.0,0.0,0.0,0.0
0.0,0.0,0.0,0.0,0.0
0.0,0.0,0.0,0.0,0.0
0.0,0.0,0.0,0.0,0.0
0.0,0.0,0.0,0.0,0.0
0.0,0.0,0.0,0.0,0.0
0.0,0.0,0.0,0.0,0.0
0.0,0.0,0.0,0.0,0.0
0.0,0.0,0.0,0.0,0.0
0.0,0.0,0.0,0.0,0.0
0.0,0.0,0.0,0.0,0.0
0.0,0.0,0.0,0.0,0.0
0.0,0.0,0.0,0.0,0.0
0.0,0.0,0.0,0.0,0.0
0.0,0.0,0.0,0.0,0.0
0.0,0.0,0.0,0.0,0.0
0.0,0.0,0.0,0.0,0.0
0.0,0.0,0.0,0.0,0.0
0.0,0.0,0.0,0.0,0.0
0.0,0.0,0.0,0.0,0.0
0.0,0.0,0.0,0.0,0.0
0.0,0.0,0.0,0.0,0.0
0.0,0.0,0.0,0.0,0.0
0.0,0.0,0.0,0.0,0.0
0.0,0.0,0.0,0.0,0.0
0.0,0.0,0.0,0.0,0.0
0.0,0.0,0.0,0.0,0.0
0.0,0.0,0.0,0.0,0.0
0.0,0.0,0.0,0.0,0.0
0.0,0.0,0.0,0.0,0.0
0.0,0.0,0.0,0.0,0.0
0.0,0.0,0.0,0.0,0.0
0.0,0.0,0.0,0.0,0.0
0.0,0.0,0.0,0.0,0.0
0.0,0.0,0.0,0.0,0.0
0.0,0.0,0.0,0.0,0.0
0.0,0.0,0.0,0.0,0.0
0.0,0.0,0.0,0.0,0.0
0.0,0.0,0.0,0.0,0.0
0.0,0.0,0.0,0.0,0.0
0.0,0.0,0.0,0.0,0.0
0.0,0.0,0.0,0.0,0.0
0.0,0.0,0.0,0.0,0.0
0.0,0.0,0.0,0.0,0.0
0.0,0.0,0.0,0.0,0.0
0.0,0.0,0.0,0.0,0.0
0.0,0.0,0.0,0.0,0.0
0.0,0.0,0.0,0.0,0.0
0.0,0.0,0.0,0.0,0.0
0.0,0.0,0.0,0.0,0.0
0.0,0.0,0.0,0.0,0.0
0.0,0.0,0.0,0.0,0.0
0.0,0.0,0.0,0.0,0.0
0.0,0.0,0.0,0.0,0.0
0.0,0.0,0.0,0.0,0.0
0.0,0.0,0.0,0.0,0.0
0.0,0.0,0.0,0.0,0.0
0.0,0.0,0.0,0.0,0.0
0.0,0.0,0.0,0.0,0.0
0.0,0.0,0.0,0.0,0.0
0.0,0.0,0.0,0.0,0.0
0.0,0.0,0.0,0.0,0.0
0.0,0.0,0.0,0.0,0.0
0.0,0.0,0.0,0.0,0.0
0.0,0.0,0.0,0.0,0.0
0.0,0.0,0.0,0.0,0.0
0.0,0.0,0.0,0.0,0.0
0.0,0.0,0.0,0.0,0.0
0.0,0.0,0.0,0.0,0.0
0.0,0.0,0.0,0.0,0.0
0.0,0.0,0.0,0.0,0.0
0.0,0.0,0.0,0.0,0.0
0.0,0.0,0.0,0.0,0.0
0.0,0.0,0.0,0.0,0.0
0.0,0.0,0.0,0.0,0.0
0.0,0.0,0.0,0.0,0.0
0.0,0.0,0.0,0.0,0.0
0.0,0.0,0.0,0.0,0.0
0.0,0.0,0.0,0.0,0.0
0.0,0.0,0.0,0.0,0.0
0.0,0.0,0.0,0.0,0.0
0.0,0.0,0.0,0.0,0.0
0.0,0.0,0.0,0.0,0.0
0.0,0.0,0.0,0.0,0.0
0.0,0.0,0.0,0.0,0.0
0.0,0.0,0.0,0.0,0.0
0.0,0.0,0.0,0.0,0.0
0.0,0.0,0.0,0.0,0.0
0.0,0.0,0.0,0.0,0.0
0.0,0.0,0.0,0.0,0.0
0.0,0.0,0.0,0.0,0.0
0.0,0.0,0.0,0.0,0.0
0.0,0.0,0.0,0.0,0.0
0.0,0.0,0.0,0.0,0.0
0.0,0.0,0.0,0.0,0.0
0.0,0.0,0.0,0.0,0.0
0.0,0.0,0.0,0.0,0.0
0.0,0.0,0.0,0.0,0.0
0.0,0.0,0.0,0.0,0.0
0.0,0.0,0.0,0.0,0.0
0.0,0.0,0.0,0.0,0.0
0.0,0.0,0.0,0.0,0.0
0.0,0.0,0.0,0.0,0.0
0.0,0.0,0.0,0.0,0.0
0.0,0.0,0.0,0.0,0.0
0.0,0.0,0.0,0.0,0.0
0.0,0.0,0.0,0.0,0.0
0.0,0.0,0.0,0.0,0.0
0.0,0.0,0.0,0.0,0.0
0.0,0.0,0.0,0.0,0.0
0.0,0.0,0.0,0.0,0.0
0.0,0.0,0.0,0.0,0.0
0.0,0.0,0.0,0.0,0.0
0.0,0.0,0.0,0.0,0.0
0.0,0.0,0.0,0.0,0.0
0.0,0.0,0.0,0.0,0.0
0.0,0.0,0.0,0.0,0.0
0.0,0.0,0.0,0.0,0.0
0.0,0.0,0.0,0.0,0.0
0.0,0.0,0.0,0.0,0.0
0.0,0.0,0.0,0.0,0.0
0.0,0.0,0.0,0.0,0.0
0.0,0.0,0.0,0.0,0.0
0.0,0.0,0.0,0.0,0.0
0.0,0.0,0.0,0.0,0.0
0.0,0.0,0.0,0.0,0.0
0.0,0.0,0.0,0.0,0.0
0.0,0.0,0.0,0.0,0.0
0.0,0.0,0.0,0.0,0.0
0.0,0.0,0.0,0.0,0.0
0.0,0.0,0.0,0.0,0.0
0.0,0.0,0.0,0.0,0.0
0.0,0.0,0.0,0.0,0.0
0.0,0.0,0.0,0.0,0.0
0.0,0.0,0.0,0.0,0.0
0.0,0.0,0.0,0.0,0.0
0.0,0.0,0.0,0.0,0.0
0.0,0.0,0.0,0.0,0.0
0.0,0.0,0.0,0.0,0.0
0.0,0.0,0.0,0.0,0.0
0.0,0.0,0.0,0.0,0.0
0.0,0.0,0.0,0.0,0.0
0.0,0.0,0.0,0.0,0.0
0.0,0.0,0.0,0.0,0.0
0.0,0.0,0.0,0.0,0.0
0.0,0.0,0.0,0.0,0.0
0.0,0.0,0.0,0.0,0.0
0.0,0.0,0.0,0.0,0.0
0.0,0.0,0.0,0.0,0.0
0.0,0.0,0.0,0.0,0.0
0.0,0.0,0.0,0.0,0.0
0.0,0.0,0.0,0.0,0.0
0.0,0.0,0.0,0.0,0.0
0.0,0.0,0.0,0.0,0.0
0.0,0.0,0.0,0.0,0.0
0.0,0.0,0.0,0.0,0.0
0.0,0.0,0.0,0.0,0.0
0.0,0.0,0.0,0.0,0.0
0.0,0.0,0.0,0.0,0.0
0.0,0.0,0.0,0.0,0.0
0.0,0.0,0.0,0.0,0.0
0.0,0.0,0.0,0.0,0.0
0.0,0.0,0.0,0.0,0.0
0.0,0.0,0.0,0.0,0.0
0.0,0.0,0.0,0.0,0.0
0.0,0.0,0.0,0.0,0.0
0.0,0.0,0.0,0.0,0.0
0.0,0.0,0.0,0.0,0.0
0.0,0.0,0.0,0.0,0.0
0.0,0.0,0.0,0.0,0.0
0.0,0.0,0.0,0.0,0.0
0.0,0.0,0.0,0.0,0.0
0.0,0.0,0.0,0.0,0.0
0.0,0.0,0.0,0.0,0.0
0.0,0.0,0.0,0.0,0.0
0.0,0.0,0.0,0.0,0.0
0.0,0.0,0.0,0.0,0.0
0.0,0.0,0.0,0.0,0.0
0.0,0.0,0.0,0.0,0.0
0.0,0.0,0.0,0.0,0.0
0.0,0.0,0.0,0.0,0.0
0.0,0.0,0.0,0.0,0.0
0.0,0.0,0.0,0.0,0.0
0.0,0.0,0.0,0.0,0.0
0.0,0.0,0.0,0.0,0.0
0.0,0.0,0.0,0.0,0.0
0.0,0.0,0.0,0.0,0.0
0.0,0.0,0.0,0.0,0.0
0.0,0.0,0.0,0.0,0.0
0.0,0.0,0.0,0.0,0.0
0.0,0.0,0.0,0.0,0.0
0.0,0.0,0.0,0.0,0.0
0.0,0.0,0.0,0.0,0.0
0.0,0.0,0.0,0.0,0.0
0.0,0.0,0.0,0.0,0.0
0.0,0.0,0.0,0.0,0.0
0.0,0.0,0.0,0.0,0.0
0.0,0.0,0.0,0.0,0.0
0.0,0.0,0.0,0.0,0.0
0.0,0.0,0.0,0.0,0.0
0.0,0.0,0.0,0.0,0.0
0.0,0.0,0.0,0.0,0.0
0.0,0.0,0.0,0.0,0.0
0.0,0.0,0.0,0.0,0.0
0.0,0.0,0.0,0.0,0.0
0.0,0.0,0.0,0.0,0.0
0.0,0.0,0.0,0.0,0.0
0.0,0.0,0.0,0.0,0.0
0.0,0.0,0.0,0.0,0.0
0.0,0.0,0.0,0.0,0.0
0.0,0.0,0.0,0.0,0.0
0.0,0.0,0.0,0.0,0.0
0.0,0.0,0.0,0.0,0.0
0.0,0.0,0.0,0.0,0.0
0.0,0.0,0.0,0.0,0.0
0.0,0.0,0.0,0.0,0.0
0.0,0.0,0.0,0.0,0.0
0.0,0.0,0.0,0.0,0.0
0.0,0.0,0.0,0.0,0.0
0.0,0.0,0.0,0.0,0.0
0.0,0.0,0.0,0.0,0.0
0.0,0.0,0.0,0.0,0.0
0.0,0.0,0.0,0.0,0.0
0.0,0.0,0.0,0.0,0.0
0.0,0.0,0.0,0.0,0.0
0.0,0.0,0.0,0.0,0.0
0.0,0.0,0.0,0.0,0.0
0.0,0.0,0.0,0.0,0.0
0.0,0.0,0.0,0.0,0.0
0.0,0.0,0.0,0.0,0.0
0.0,0.0,0.0,0.0,0.0
0.0,0.0,0.0,0.0,0.0
0.0,0.0,0.0,0.0,0.0
0.0,0.0,0.0,0.0,0.0
0.0,0.0,0.0,0.0,0.0
0.0,0.0,0.0,0.0,0.0
0.0,0.0,0.0,0.0,0.0
0.0,0.0,0.0,0.0,0.0
0.0,0.0,0.0,0.0,0.0
0.0,0.0,0.0,0.0,0.0
0.0,0.0,0.0,0.0,0.0
0.0,0.0,0.0,0.0,0.0
0.0,0.0,0.0,0.0,0.0
0.0,0.0,0.0,0.0,0.0
0.0,0.0,0.0,0.0,0.0
0.0,0.0,0.0,0.0,0.0
0.0,0.0,0.0,0.0,0.0
0.0,0.0,0.0,0.0,0.0
0.0,0.0,0.0,0.0,0.0
0.0,0.0,0.0,0.0,0.0
0.0,0.0,0.0,0.0,0.0
0.0,0.0,0.0,0.0,0.0
0.0,0.0,0.0,0.0,0.0
0.0,0.0,0.0,0.0,0.0
0.0,0.0,0.0,0.0,0.0
0.0,0.0,0.0,0.0,0.0
0.0,0.0,0.0,0.0,0.0
0.0,0.0,0.0,0.0,0.0
0.0,0.0,0.0,0.0,0.0
0.0,0.0,0.0,0.0,0.0
0.0,0.0,0.0,0.0,0.0
0.0,0.0,0.0,0.0,0.0
0.0,0.0,0.0,0.0,0.0
0.0,0.0,0.0,0.0,0.0
0.0,0.0,0.0,0.0,0.0
0.0,0.0,0.0,0.0,0.0
0.0,0.0,0.0,0.0,0.0
0.0,0.0,0.0,0.0,0.0
0.0,0.0,0.0,0.0,0.0
0.0,0.0,0.0,0.0,0.0
0.0,0.0,0.0,0.0,0.0
0.0,0.0,0.0,0.0,0.0
0.0,0.0,0.0,0.0,0.0
0.0,0.0,0.0,0.0,0.0
0.0,0.0,0.0,0.0,0.0
0.0,0.0,0.0,0.0,0.0
0.0,0.0,0.0,0.0,0.0
0.0,0.0,0.0,0.0,0.0
0.0,0.0,0.0,0.0,0.0
0.0,0.0,0.0,0.0,0.0
0.0,0.0,0.0,0.0,0.0
0.0,0.0,0.0,0.0,0.0
0.0,0.0,0.0,0.0,0.0
0.0,0.0,0.0,0.0,0.0
0.0,0.0,0.0,0.0,0.0
0.0,0.0,0.0,0.0,0.0
0.0,0.0,0.0,0.0,0.0
0.0,0.0,0.0,0.0,0.0
0.0,0.0,0.0,0.0,0.0
0.0,0.0,0.0,0.0,0.0
0.0,0.0,0.0,0.0,0.0
0.0,0.0,0.0,0.0,0.0
0.0,0.0,0.0,0.0,0.0
0.0,0.0,0.0,0.0,0.0
0.0,0.0,0.0,0.0,0.0
0.0,0.0,0.0,0.0,0.0
0.0,0.0,0.0,0.0,0.0
0.0,0.0,0.0,0.0,0.0
0.0,0.0,0.0,0.0,0.0
0.0,0.0,0.0,0.0,0.0
0.0,0.0,0.0,0.0,0.0
0.0,0.0,0.0,0.0,0.0
0.0,0.0,0.0,0.0,0.0
0.0,0.0,0.0,0.0,0.0
0.0,0.0,0.0,0.0,0.0
0.0,0.0,0.0,0.0,0.0
0.0,0.0,0.0,0.0,0.0
0.0,0.0,0.0,0.0,0.0
0.0,0.0,0.0,0.0,0.0
0.0,0.0,0.0,0.0,0.0
0.0,0.0,0.0,0.0,0.0
