range_m,afterpulse_counts_per_bin,afterpulse_raw
0,0,0
3.75,0,0
7.5,0,0
11.25,0,0
15,0,0
18.75,0,0
22.5,0,0
26.25,0,0
30,0,0
33.75,0,0
37.5,0,0
41.25,0,0
45,0,0
48.75,0,0
52.5,0,0
56.25,0.001663893,0.0665557
60,0,0
63.75,0,0
67.5,0,0
71.25,0,0
75,0,0
78.75,0,0
82.5,0,0
86.25,0,0
90,0,0
93.75,0,0
97.5,0,0
101.25,0,0
105,0,0
108.75,0,0
112.5,0,0
116.25,0,0
120,0,0
123.75,0,0
127.5,0,0
131.25,0,0
135,0.001663893,0.0665557
138.75,0,0
142.5,0,0
146.25,0,0
150,0,0
153.75,0,0
157.5,0,0
161.25,0,0
165,0,0
168.75,0,0
172.5,0,0
176.25,0,0
180,0,0
183.75,0,0
187.5,0,0
191.25,0,0
195,0,0
198.75,0,0
202.5,0,0
206.25,0,0
210,0,0
213.75,0,0
217.5,0,0
221.25,0,0
225,0,0
228.75,0,0
232.5,0,0
236.25,0,0
240,0,0
243.75,0,0
247.5,0,0
251.25,0,0
255,0,0
258.75,0,0
262.5,0,0
266.25,0,0
270,0,0
273.75,0,0
277.5,0,0
281.25,0,0
285,0,0
288.75,0,0
292.5,0,0
296.25,0,0
300,0,0
303.75,0,0
307.5,0,0
311.25,0,0
315,0,0
318.75,0,0
322.5,0,0
326.25,0,0
330,0,0
333.75,0,0
337.5,0,0
341.25,0.001663893,0.0665557
345,0,0
348.75,0,0
352.5,0,0
356.25,0,0
360,0,0
363.75,0,0
367.5,0,0
371.25,0,0
375,0,0
378.75,0,0
382.5,0,0
386.25,0,0
390,0,0
393.75,0,0
397.5,0,0
401.25,0,0
405,0,0
408.75,0,0
412.5,0,0
416.25,0,0
420,0,0
423.75,0,0
427.5,0,0
431.25,0,0
435,0,0
438.75,0,0
442.5,0,0
446.25,0,0
450,0,0
453.75,0,0
457.5,0,0
461.25,0.001663893,0.0665557
465,0,0
468.75,0,0
472.5,0,0
476.25,0.001663893,0.0665557
480,0,0
483.75,0,0
487.5,0,0
491.25,0.001663893,0.0665557
495,0,0
498.75,0,0
502.5,0,0
506.25,0,0
510,0.001663893,0.0665557
513.75,0,0
517.5,0,0
521.25,0.001663893,0.0665557
525,0,0
528.75,0,0
532.5,0,0
536.25,0,0
540,0,0
543.75,0,0
547.5,0,0
551.25,0,0
555,0,0
558.75,0,0
562.5,0,0
566.25,0,0
570,0,0
573.75,0,0
577.5,0,0
581.25,0,0
585,0,0
588.75,0,0
592.5,0,0
596.25,0,0
600,0,0
603.75,0,0
607.5,0,0
611.25,0,0
615,0,0
618.75,0,0
622.5,0,0
626.25,0,0
630,0,0
633.75,0,0
637.5,0,0
641.25,0,0
645,0,0
648.75,0.001663893,0.0665557
652.5,0,0
656.25,0,0
660,0,0
663.75,0,0
667.5,0,0
671.25,0,0
675,0,0
678.75,0.001663893,0.0665557
682.5,0,0
686.25,0,0
690,0,0
693.75,0,0
697.5,0,0
701.25,0,0
705,0,0
708.75,0.001663893,0.0665557
712.5,0,0
716.25,0,0
720,0.001663893,0.0665557
723.75,0,0
727.5,0,0
731.25,0,0
735,0,0
738.75,0,0
742.5,0,0
746.25,0,0
750,0,0
753.75,0,0
757.5,0,0
761.25,0,0
765,0,0
768.75,0,0
772.5,0,0
776.25,0,0
780,0,0
783.75,0,0
787.5,0,0
791.25,0,0
795,0,0
798.75,0,0
802.5,0,0
806.25,0,0
810,0,0
813.75,0,0
817.5,0,0
821.25,0,0
825,0.001663893,0.0665557
828.75,0,0
832.5,0,0
836.25,0,0
840,0,0
843.75,0,0
847.5,0,0
851.25,0,0
855,0,0
858.75,0,0
862.5,0,0
866.25,0,0
870,0,0
873.75,0,0
877.5,0,0
881.25,0,0
885,0,0
888.75,0,0
892.5,0,0
896.25,0,0
900,0,0
903.75,0,0
907.5,0,0
911.25,0,0
915,0,0
918.75,0,0
922.5,0,0
926.25,0,0
930,0,0
933.75,0,0
937.5,0,0
941.25,0,0
945,0.001663893,0.0665557
948.75,0,0
952.5,0,0
956.25,0.001663893,0.0665557
960,0,0
963.75,0,0
967.5,0,0
971.25,0,0
975,0,0
978.75,0,0
982.5,0,0
986.25,0,0
990,0,0
993.75,0,0
997.5,0.001663893,0.0665557
1001.25,0.001663893,0.0665557
1005,0,0
1008.75,0,0
1012.5,0,0
1016.25,0,0
1020,0,0
1023.75,0,0
1027.5,0,0
1031.25,0,0
1035,0,0
1038.75,0,0
1042.5,0,0
1046.25,0,0
1050,0,0
1053.75,0,0
1057.5,0.001663893,0.0665557
1061.25,0,0
1065,0,0
1068.75,0,0
1072.5,0,0
1076.25,0,0
1080,0,0
1083.75,0,0
1087.5,0,0
1091.25,0,0
1095,0,0
1098.75,0,0
1102.5,0,0
1106.25,0,0
1110,0,0
1113.75,0,0
1117.5,0,0
1121.25,0.001663893,0.0665557
1125,0,0
1128.75,0,0
1132.5,0,0
1136.25,0,0
1140,0,0
1143.75,0,0
1147.5,0,0
1151.25,0,0
1155,0,0
1158.75,0,0
1162.5,0,0
1166.25,0,0
1170,0,0
1173.75,0,0
1177.5,0,0
1181.25,0,0
1185,0,0
1188.75,0,0
1192.5,0,0
1196.25,0,0
1200,0,0
1203.75,0,0
1207.5,0,0
1211.25,0,0
1215,0,0
1218.75,0,0
1222.5,0,0
1226.25,0,0
1230,0,0
1233.75,0,0
1237.5,0,0
1241.25,0,0
1245,0,0
1248.75,0.001663893,0.0665557
1252.5,0,0
1256.25,0,0
1260,0,0
1263.75,0,0
1267.5,0,0
1271.25,0,0
1275,0,0
1278.75,0,0
1282.5,0,0
1286.25,0,0
1290,0,0
1293.75,0,0
1297.5,0.001663893,0.0665557
1301.25,0,0
1305,0,0
1308.75,0,0
1312.5,0.001663893,0.0665557
1316.25,0,0
1320,0.004991675,0.199667
1323.75,0,0
1327.5,0,0
1331.25,0,0
1335,0,0
1338.75,0,0
1342.5,0,0
1346.25,0,0
1350,0.001663893,0.0665557
1353.75,0,0
1357.5,0,0
1361.25,0,0
1365,0,0
1368.75,0,0
1372.5,0.001663893,0.0665557
1376.25,0,0
1380,0,0
1383.75,0,0
1387.5,0.001663893,0.0665557
1391.25,0,0
1395,0,0
1398.75,0,0
1402.5,0,0
1406.25,0,0
1410,0,0
1413.75,0,0
1417.5,0,0
1421.25,0,0
1425,0,0
1428.75,0,0
1432.5,0,0
1436.25,0,0
1440,0,0
1443.75,0,0
1447.5,0,0
1451.25,0,0
1455,0,0
1458.75,0,0
1462.5,0,0
1466.25,0,0
1470,0,0
1473.75,0,0
1477.5,0,0
1481.25,0,0
1485,0,0
1488.75,0,0
1492.5,0,0
1496.25,0,0
1500,0,0
1503.75,0,0
1507.5,0,0
1511.25,0,0
1515,0,0
1518.75,0,0
1522.5,0,0
1526.25,0,0
1530,0,0
1533.75,0,0
1537.5,0,0
1541.25,0,0
1545,0,0
1548.75,0,0
1552.5,0.001663893,0.0665557
1556.25,0,0
1560,0,0
1563.75,0,0
1567.5,0,0
1571.25,0,0
1575,0,0
1578.75,0,0
1582.5,0,0
1586.25,0,0
1590,0,0
1593.75,0,0
1597.5,0,0
1601.25,0,0
1605,0,0
1608.75,0,0
1612.5,0,0
1616.25,0,0
1620,0,0
1623.75,0,0
1627.5,0,0
1631.25,0,0
1635,0,0
1638.75,0,0
1642.5,0.003327775,0.133111
1646.25,0,0
1650,0,0
1653.75,0,0
1657.5,0,0
1661.25,0,0
1665,0,0
1668.75,0,0
1672.5,0,0
1676.25,0,0
1680,0,0
1683.75,0,0
1687.5,0,0
1691.25,0,0
1695,0,0
1698.75,0,0
1702.5,0,0
1706.25,0,0
1710,0,0
1713.75,0,0
1717.5,0,0
1721.25,0,0
1725,0.001663893,0.0665557
1728.75,0.001663893,0.0665557
1732.5,0,0
1736.25,0,0
1740,0,0
1743.75,0,0
1747.5,0,0
1751.25,0,0
1755,0,0
1758.75,0,0
1762.5,0,0
1766.25,0,0
1770,0,0
1773.75,0,0
1777.5,0,0
1781.25,0,0
1785,0.001663893,0.0665557
1788.75,0,0
1792.5,0,0
1796.25,0,0
1800,0,0
1803.75,0,0
1807.5,0,0
1811.25,0,0
1815,0,0
1818.75,0,0
1822.5,0,0
1826.25,0,0
1830,0,0
1833.75,0,0
1837.5,0,0
1841.25,0,0
1845,0,0
1848.75,0,0
1852.5,0,0
1856.25,0,0
1860,0,0
1863.75,0,0
1867.5,0,0
1871.25,0,0
1875,0,0
1878.75,0,0
1882.5,0,0
1886.25,0,0
1890,0,0
1893.75,0,0
1897.5,0,0
1901.25,0,0
1905,0,0
1908.75,0,0
1912.5,0,0
1916.25,0,0
1920,0,0
1923.75,0,0
1927.5,0,0
1931.25,0.001663893,0.0665557
1935,0,0
1938.75,0,0
1942.5,0,0
1946.25,0,0
1950,0,0
1953.75,0,0
1957.5,0,0
1961.25,0,0
1965,0,0
1968.75,0.003327775,0.133111
1972.5,0,0
1976.25,0,0
1980,0,0
1983.75,0,0
1987.5,0,0
1991.25,0,0
1995,0,0
1998.75,0,0
2002.5,0,0
2006.25,0,0
2010,0,0
2013.75,0,0
2017.5,0,0
2021.25,0,0
2025,0,0
2028.75,0,0
2032.5,0,0
2036.25,0,0
2040,0,0
2043.75,0,0
2047.5,0,0
2051.25,0,0
2055,0,0
2058.75,0,0
2062.5,0,0
2066.25,0,0
2070,0,0
2073.75,0,0
2077.5,0,0
2081.25,0,0
2085,0,0
2088.75,0,0
2092.5,0,0
2096.25,0,0
2100,0,0
2103.75,0,0
2107.5,0,0
2111.25,0,0
2115,0,0
2118.75,0,0
2122.5,0,0
2126.25,0,0
2130,0,0
2133.75,0.003327775,0.133111
2137.5,0,0
2141.25,0,0
2145,0,0
2148.75,0.001663893,0.0665557
2152.5,0,0
2156.25,0,0
2160,0,0
2163.75,0,0
2167.5,0,0
2171.25,0,0
2175,0,0
2178.75,0,0
2182.5,0,0
2186.25,0,0
2190,0,0
2193.75,0,0
2197.5,0,0
2201.25,0,0
2205,0,0
2208.75,0,0
2212.5,0,0
2216.25,0,0
2220,0,0
2223.75,0,0
2227.5,0,0
2231.25,0,0
2235,0,0
2238.75,0,0
2242.5,0,0
2246.25,0,0
2250,0,0
2253.75,0,0
2257.5,0,0
2261.25,0,0
2265,0,0
2268.75,0,0
2272.5,0,0
2276.25,0,0
2280,0,0
2283.75,0,0
2287.5,0,0
2291.25,0,0
2295,0,0
2298.75,0,0
2302.5,0,0
2306.25,0,0
2310,0,0
2313.75,0,0
2317.5,0,0
2321.25,0,0
2325,0,0
2328.75,0.001663893,0.0665557
2332.5,0,0
2336.25,0.001663893,0.0665557
2340,0,0
2343.75,0,0
2347.5,0,0
2351.25,0,0
2355,0,0
2358.75,0.001663893,0.0665557
2362.5,0,0
2366.25,0,0
2370,0,0
2373.75,0,0
2377.5,0,0
2381.25,0,0
2385,0,0
2388.75,0,0
2392.5,0,0
2396.25,0,0
2400,0,0
2403.75,0,0
2407.5,0,0
2411.25,0,0
2415,0,0
2418.75,0,0
2422.5,0,0
2426.25,0,0
2430,0,0
2433.75,0,0
2437.5,0,0
2441.25,0,0
2445,0,0
2448.75,0,0
2452.5,0,0
2456.25,0,0
2460,0,0
2463.75,0,0
2467.5,0,0
2471.25,0,0
2475,0,0
2478.75,0,0
2482.5,0,0
2486.25,0,0
2490,0,0
2493.75,0.001663893,0.0665557
2497.5,0,0
2501.25,0,0
2505,0,0
2508.75,0,0
2512.5,0,0
2516.25,0,0
2520,0,0
2523.75,0,0
2527.5,0,0
2531.25,0.001663893,0.0665557
2535,0,0
2538.75,0,0
2542.5,0,0
2546.25,0,0
2550,0,0
2553.75,0,0
2557.5,0,0
2561.25,0,0
2565,0,0
2568.75,0,0
2572.5,0,0
2576.25,0,0
2580,0,0
2583.75,0,0
2587.5,0,0
2591.25,0,0
2595,0,0
2598.75,0,0
2602.5,0,0
2606.25,0,0
2610,0,0
2613.75,0,0
2617.5,0,0
2621.25,0,0
2625,0,0
2628.75,0.001663893,0.0665557
2632.5,0,0
2636.25,0,0
2640,0,0
2643.75,0,0
2647.5,0,0
2651.25,0,0
2655,0,0
2658.75,0,0
2662.5,0,0
2666.25,0,0
2670,0,0
2673.75,0,0
2677.5,0,0
2681.25,0,0
2685,0,0
2688.75,0,0
2692.5,0,0
2696.25,0,0
2700,0,0
2703.75,0,0
2707.5,0,0
2711.25,0,0
2715,0,0
2718.75,0,0
2722.5,0,0
2726.25,0,0
2730,0,0
2733.75,0,0
2737.5,0.001663893,0.0665557
2741.25,0,0
2745,0,0
2748.75,0,0
2752.5,0,0
2756.25,0,0
2760,0,0
2763.75,0,0
2767.5,0,0
2771.25,0,0
2775,0,0
2778.75,0,0
2782.5,0,0
2786.25,0,0
2790,0.001663893,0.0665557
2793.75,0,0
2797.5,0,0
2801.25,0,0
2805,0,0
2808.75,0,0
2812.5,0,0
2816.25,0,0
2820,0,0
2823.75,0,0
2827.5,0,0
2831.25,0,0
2835,0,0
2838.75,0,0
2842.5,0,0
2846.25,0,0
2850,0,0
2853.75,0,0
2857.5,0,0
2861.25,0,0
2865,0.001663893,0.0665557
2868.75,0,0
2872.5,0.001663893,0.0665557
2876.25,0,0
2880,0,0
2883.75,0,0
2887.5,0,0
2891.25,0,0
2895,0,0
2898.75,0,0
2902.5,0,0
2906.25,0,0
2910,0,0
2913.75,0,0
2917.5,0,0
2921.25,0,0
2925,0.001663893,0.0665557
2928.75,0,0
2932.5,0,0
2936.25,0,0
2940,0,0
2943.75,0,0
2947.5,0,0
2951.25,0,0
2955,0,0
2958.75,0,0
2962.5,0,0
2966.25,0,0
2970,0,0
2973.75,0,0
2977.5,0,0
2981.25,0,0
2985,0.001663893,0.0665557
2988.75,0,0
2992.5,0,0
2996.25,0,0
3000,0,0
3003.75,0,0
3007.5,0,0
3011.25,0,0
3015,0,0
3018.75,0,0
3022.5,0,0
3026.25,0,0
3030,0,0
3033.75,0,0
3037.5,0,0
3041.25,0,0
3045,0,0
3048.75,0.003327775,0.133111
3052.5,0.001663893,0.0665557
3056.25,0,0
3060,0,0
3063.75,0,0
3067.5,0,0
3071.25,0,0
3075,0,0
3078.75,0,0
3082.5,0,0
3086.25,0,0
3090,0,0
3093.75,0,0
3097.5,0,0
3101.25,0,0
3105,0,0
3108.75,0,0
3112.5,0,0
3116.25,0,0
3120,0,0
3123.75,0,0
3127.5,0,0
3131.25,0,0
3135,0,0
3138.75,0,0
3142.5,0,0
3146.25,0,0
3150,0,0
3153.75,0,0
3157.5,0,0
3161.25,0,0
3165,0,0
3168.75,0,0
3172.5,0,0
3176.25,0,0
3180,0,0
3183.75,0,0
3187.5,0,0
3191.25,0,0
3195,0,0
3198.75,0,0
3202.5,0,0
3206.25,0,0
3210,0.001663893,0.0665557
3213.75,0,0
3217.5,0,0
3221.25,0,0
3225,0,0
3228.75,0,0
3232.5,0,0
3236.25,0,0
3240,0,0
3243.75,0.001663893,0.0665557
3247.5,0,0
3251.25,0,0
3255,0,0
3258.75,0,0
3262.5,0,0
3266.25,0,0
3270,0,0
3273.75,0,0
3277.5,0,0
3281.25,0,0
3285,0.001663893,0.0665557
3288.75,0,0
3292.5,0,0
3296.25,0,0
3300,0,0
3303.75,0,0
3307.5,0,0
3311.25,0,0
3315,0,0
3318.75,0,0
3322.5,0,0
3326.25,0,0
3330,0,0
3333.75,0,0
3337.5,0,0
3341.25,0,0
3345,0,0
3348.75,0,0
3352.5,0.003327775,0.133111
3356.25,0,0
3360,0,0
3363.75,0,0
3367.5,0,0
3371.25,0,0
3375,0,0
3378.75,0,0
3382.5,0,0
3386.25,0,0
3390,0,0
3393.75,0,0
3397.5,0,0
3401.25,0.001663893,0.0665557
3405,0,0
3408.75,0,0
3412.5,0,0
3416.25,0,0
3420,0,0
3423.75,0,0
3427.5,0,0
3431.25,0,0
3435,0,0
3438.75,0.001663893,0.0665557
3442.5,0,0
3446.25,0,0
3450,0,0
3453.75,0,0
3457.5,0,0
3461.25,0,0
3465,0,0
3468.75,0,0
3472.5,0,0
3476.25,0,0
3480,0,0
3483.75,0,0
3487.5,0,0
3491.25,0,0
3495,0,0
3498.75,0,0
3502.5,0,0
3506.25,0.001663893,0.0665557
3510,0,0
3513.75,0,0
3517.5,0.001663893,0.0665557
3521.25,0,0
3525,0,0
3528.75,0,0
3532.5,0,0
3536.25,0,0
3540,0.001663893,0.0665557
3543.75,0,0
3547.5,0,0
3551.25,0,0
3555,0,0
3558.75,0,0
3562.5,0,0
3566.25,0,0
3570,0,0
3573.75,0,0
3577.5,0,0
3581.25,0,0
3585,0,0
3588.75,0,0
3592.5,0,0
3596.25,0,0
3600,0,0
3603.75,0,0
3607.5,0,0
3611.25,0,0
3615,0,0
3618.75,0,0
3622.5,0,0
3626.25,0,0
3630,0,0
3633.75,0,0
3637.5,0,0
3641.25,0,0
3645,0,0
3648.75,0,0
3652.5,0,0
3656.25,0,0
3660,0,0
3663.75,0.001663893,0.0665557
3667.5,0,0
3671.25,0,0
3675,0,0
3678.75,0,0
3682.5,0,0
3686.25,0,0
3690,0,0
3693.75,0,0
3697.5,0,0
3701.25,0.001663893,0.0665557
3705,0,0
3708.75,0,0
3712.5,0,0
3716.25,0,0
3720,0.001663893,0.0665557
3723.75,0,0
3727.5,0,0
3731.25,0,0
3735,0.001663893,0.0665557
3738.75,0,0
3742.5,0,0
3746.25,0,0
3750,0,0
3753.75,0,0
3757.5,0,0
3761.25,0,0
3765,0,0
3768.75,0,0
3772.5,0,0
3776.25,0,0
3780,0,0
3783.75,0,0
3787.5,0,0
3791.25,0.001663893,0.0665557
3795,0,0
3798.75,0,0
3802.5,0.001663893,0.0665557
3806.25,0,0
3810,0,0
3813.75,0,0
3817.5,0,0
3821.25,0,0
3825,0,0
3828.75,0,0
3832.5,0,0
3836.25,0,0
3840,0,0
3843.75,0,0
3847.5,0,0
3851.25,0,0
3855,0,0
3858.75,0,0
3862.5,0,0
3866.25,0,0
3870,0,0
3873.75,0,0
3877.5,0,0
3881.25,0,0
3885,0,0
3888.75,0,0
3892.5,0,0
3896.25,0,0
3900,0,0
3903.75,0,0
3907.5,0,0
3911.25,0,0
3915,0,0
3918.75,0.001663893,0.0665557
3922.5,0,0
3926.25,0,0
3930,0,0
3933.75,0,0
3937.5,0,0
3941.25,0,0
3945,0,0
3948.75,0,0
3952.5,0,0
3956.25,0,0
3960,0,0
3963.75,0,0
3967.5,0,0
3971.25,0,0
3975,0,0
3978.75,0,0
3982.5,0,0
3986.25,0,0
3990,0,0
3993.75,0,0
3997.5,0,0
4001.25,0,0
4005,0,0
4008.75,0,0
4012.5,0,0
4016.25,0,0
4020,0.001663893,0.0665557
4023.75,0.001663893,0.0665557
4027.5,0,0
4031.25,0,0
4035,0,0
4038.75,0,0
4042.5,0,0
4046.25,0.001663893,0.0665557
4050,0,0
4053.75,0,0
4057.5,0,0
4061.25,0,0
4065,0,0
4068.75,0,0
4072.5,0,0
4076.25,0,0
4080,0,0
4083.75,0,0
4087.5,0,0
4091.25,0,0
4095,0,0
4098.75,0,0
4102.5,0,0
4106.25,0,0
4110,0,0
4113.75,0,0
4117.5,0,0
4121.25,0,0
4125,0,0
4128.75,0.001663893,0.0665557
4132.5,0,0
4136.25,0,0
4140,0,0
4143.75,0,0
4147.5,0,0
4151.25,0,0
4155,0,0
4158.75,0,0
4162.5,0,0
4166.25,0.001663893,0.0665557
4170,0,0
4173.75,0,0
4177.5,0,0
4181.25,0,0
4185,0,0
4188.75,0,0
4192.5,0,0
4196.25,0,0
4200,0,0
4203.75,0,0
4207.5,0,0
4211.25,0,0
4215,0,0
4218.75,0,0
4222.5,0,0
4226.25,0,0
4230,0,0
4233.75,0,0
4237.5,0,0
4241.25,0,0
4245,0,0
4248.75,0,0
4252.5,0,0
4256.25,0,0
4260,0,0
4263.75,0,0
4267.5,0,0
4271.25,0,0
4275,0,0
4278.75,0,0
4282.5,0,0
4286.25,0,0
4290,0,0
4293.75,0,0
4297.5,0,0
4301.25,0,0
4305,0,0
4308.75,0,0
4312.5,0,0
4316.25,0,0
4320,0,0
4323.75,0,0
4327.5,0,0
4331.25,0,0
4335,0,0
4338.75,0,0
4342.5,0,0
4346.25,0,0
4350,0,0
4353.75,0,0
4357.5,0,0
4361.25,0,0
4365,0.001663893,0.0665557
4368.75,0,0
4372.5,0,0
4376.25,0,0
4380,0,0
4383.75,0,0
4387.5,0,0
4391.25,0,0
4395,0,0
4398.75,0,0
4402.5,0,0
4406.25,0,0
4410,0,0
4413.75,0,0
4417.5,0,0
4421.25,0,0
4425,0,0
4428.75,0,0
4432.5,0,0
4436.25,0,0
4440,0,0
4443.75,0,0
4447.5,0,0
4451.25,0,0
4455,0,0
4458.75,0,0
4462.5,0,0
4466.25,0,0
4470,0,0
4473.75,0,0
4477.5,0,0
4481.25,0,0
4485,0,0
4488.75,0,0
4492.5,0,0
4496.25,0,0
4500,0,0
4503.75,0,0
4507.5,0.001663893,0.0665557
4511.25,0,0
4515,0,0
4518.75,0,0
4522.5,0,0
4526.25,0.001663893,0.0665557
4530,0,0
4533.75,0,0
4537.5,0,0
4541.25,0,0
4545,0,0
4548.75,0,0
4552.5,0,0
4556.25,0,0
4560,0.001663893,0.0665557
4563.75,0,0
4567.5,0,0
4571.25,0,0
4575,0,0
4578.75,0.001663893,0.0665557
4582.5,0,0
4586.25,0.001663893,0.0665557
4590,0,0
4593.75,0,0
4597.5,0,0
4601.25,0,0
4605,0,0
4608.75,0.001663893,0.0665557
4612.5,0,0
4616.25,0,0
4620,0,0
4623.75,0,0
4627.5,0,0
4631.25,0,0
4635,0,0
4638.75,0,0
4642.5,0,0
4646.25,0,0
4650,0.001663893,0.0665557
4653.75,0,0
4657.5,0,0
4661.25,0,0
4665,0,0
4668.75,0,0
4672.5,0,0
4676.25,0,0
4680,0,0
4683.75,0,0
4687.5,0,0
4691.25,0,0
4695,0,0
4698.75,0,0
4702.5,0,0
4706.25,0,0
4710,0,0
4713.75,0,0
4717.5,0,0
4721.25,0,0
4725,0,0
4728.75,0,0
4732.5,0,0
4736.25,0,0
4740,0,0
4743.75,0,0
4747.5,0,0
4751.25,0,0
4755,0,0
4758.75,0,0
4762.5,0,0
4766.25,0,0
4770,0,0
4773.75,0,0
4777.5,0,0
4781.25,0,0
4785,0,0
4788.75,0,0
4792.5,0,0
4796.25,0,0
4800,0,0
4803.75,0,0
4807.5,0,0
4811.25,0,0
4815,0,0
4818.75,0,0
4822.5,0,0
4826.25,0,0
4830,0,0
4833.75,0,0
4837.5,0,0
4841.25,0,0
4845,0,0
4848.75,0,0
4852.5,0.001663893,0.0665557
4856.25,0,0
4860,0,0
4863.75,0,0
4867.5,0,0
4871.25,0,0
4875,0,0
4878.75,0,0
4882.5,0,0
4886.25,0,0
4890,0.001663893,0.0665557
4893.75,0,0
4897.5,0,0
4901.25,0,0
4905,0,0
4908.75,0,0
4912.5,0,0
4916.25,0,0
4920,0,0
4923.75,0,0
4927.5,0,0
4931.25,0,0
4935,0,0
4938.75,0.001663893,0.0665557
4942.5,0,0
4946.25,0,0
4950,0,0
4953.75,0,0
4957.5,0,0
4961.25,0,0
4965,0,0
4968.75,0,0
4972.5,0,0
4976.25,0,0
4980,0,0
4983.75,0,0
4987.5,0,0
4991.25,0,0
4995,0,0
4998.75,0,0
5002.5,0,0
5006.25,0,0
5010,0,0
5013.75,0,0
5017.5,0,0
5021.25,0,0
5025,0,0
5028.75,0,0
5032.5,0,0
5036.25,0,0
5040,0,0
5043.75,0,0
5047.5,0.001663893,0.0665557
5051.25,0,0
5055,0,0
5058.75,0,0
5062.5,0,0
5066.25,0,0
5070,0,0
5073.75,0,0
5077.5,0,0
5081.25,0.001663893,0.0665557
5085,0,0
5088.75,0,0
5092.5,0,0
5096.25,0.001663893,0.0665557
5100,0,0
5103.75,0,0
5107.5,0,0
5111.25,0,0
5115,0,0
5118.75,0,0
5122.5,0,0
5126.25,0,0
5130,0,0
5133.75,0,0
5137.5,0,0
5141.25,0,0
5145,0,0
5148.75,0,0
5152.5,0,0
5156.25,0,0
5160,0,0
5163.75,0,0
5167.5,0,0
5171.25,0,0
5175,0,0
5178.75,0,0
5182.5,0,0
5186.25,0,0
5190,0,0
5193.75,0,0
5197.5,0,0
5201.25,0,0
5205,0,0
5208.75,0,0
5212.5,0,0
5216.25,0,0
5220,0,0
5223.75,0,0
5227.5,0,0
5231.25,0,0
5235,0,0
5238.75,0,0
5242.5,0,0
5246.25,0,0
5250,0.001663893,0.0665557
5253.75,0,0
5257.5,0,0
5261.25,0,0
5265,0,0
5268.75,0,0
5272.5,0,0
5276.25,0,0
5280,0,0
5283.75,0,0
5287.5,0,0
5291.25,0,0
5295,0,0
5298.75,0,0
5302.5,0,0
5306.25,0,0
5310,0,0
5313.75,0,0
5317.5,0,0
5321.25,0,0
5325,0,0
5328.75,0,0
5332.5,0.001663893,0.0665557
5336.25,0,0
5340,0,0
5343.75,0,0
5347.5,0,0
5351.25,0,0
5355,0,0
5358.75,0.001663893,0.0665557
5362.5,0.003327775,0.133111
5366.25,0,0
5370,0,0
5373.75,0,0
5377.5,0,0
5381.25,0,0
5385,0,0
5388.75,0,0
5392.5,0,0
5396.25,0,0
5400,0,0
5403.75,0.001663893,0.0665557
5407.5,0,0
5411.25,0,0
5415,0,0
5418.75,0,0
5422.5,0,0
5426.25,0,0
5430,0,0
5433.75,0,0
5437.5,0,0
5441.25,0,0
5445,0,0
5448.75,0,0
5452.5,0.001663893,0.0665557
5456.25,0,0
5460,0,0
5463.75,0,0
5467.5,0,0
5471.25,0,0
5475,0,0
5478.75,0,0
5482.5,0,0
5486.25,0,0
5490,0,0
5493.75,0,0
5497.5,0,0
5501.25,0,0
5505,0,0
5508.75,0,0
5512.5,0,0
5516.25,0,0
5520,0,0
5523.75,0,0
5527.5,0,0
5531.25,0,0
5535,0,0
5538.75,0,0
5542.5,0.001663893,0.0665557
5546.25,0,0
5550,0,0
5553.75,0,0
5557.5,0,0
5561.25,0,0
5565,0,0
5568.75,0,0
5572.5,0,0
5576.25,0,0
5580,0,0
5583.75,0,0
5587.5,0,0
5591.25,0,0
5595,0,0
5598.75,0.001663893,0.0665557
5602.5,0,0
5606.25,0,0
5610,0,0
5613.75,0,0
5617.5,0,0
5621.25,0.001663893,0.0665557
5625,,
5628.75,,
5632.5,,
5636.25,,
5640,,
5643.75,,
5647.5,,
5651.25,,
5655,,
5658.75,,
5662.5,,
5666.25,,
5670,,
5673.75,,
5677.5,,
5681.25,,
5685,,
5688.75,,
5692.5,,
5696.25,,
5700,,
5703.75,,
5707.5,,
5711.25,,
5715,,
5718.75,,
5722.5,,
5726.25,,
5730,,
5733.75,,
5737.5,,
5741.25,,
5745,,
5748.75,,
5752.5,,
5756.25,,
5760,,
5763.75,,
5767.5,,
5771.25,,
5775,,
5778.75,,
5782.5,,
5786.25,,
5790,,
5793.75,,
5797.5,,
5801.25,,
5805,,
5808.75,,
5812.5,,
5816.25,,
5820,,
5823.75,,
5827.5,,
5831.25,,
5835,,
5838.75,,
5842.5,,
5846.25,,
5850,,
5853.75,,
5857.5,,
5861.25,,
5865,,
5868.75,,
5872.5,,
5876.25,,
5880,,
5883.75,,
5887.5,,
5891.25,,
5895,,
5898.75,,
5902.5,,
5906.25,,
5910,,
5913.75,,
5917.5,,
5921.25,,
5925,,
5928.75,,
5932.5,,
5936.25,,
5940,,
5943.75,,
5947.5,,
5951.25,,
5955,,
5958.75,,
5962.5,,
5966.25,,
5970,,
5973.75,,
5977.5,,
5981.25,,
5985,,
5988.75,,
5992.5,,
5996.25,,
6000,,
6003.75,,
6007.5,,
6011.25,,
6015,,
6018.75,,
6022.5,,
6026.25,,
6030,,
6033.75,,
6037.5,,
6041.25,,
6045,,
6048.75,,
6052.5,,
6056.25,,
6060,,
6063.75,,
6067.5,,
6071.25,,
6075,,
6078.75,,
6082.5,,
6086.25,,
6090,,
6093.75,,
6097.5,,
6101.25,,
6105,,
6108.75,,
6112.5,,
6116.25,,
6120,,
6123.75,,
6127.5,,
6131.25,,
6135,,
6138.75,,
6142.5,,
6146.25,,
6150,,
6153.75,,
6157.5,,
6161.25,,
6165,,
6168.75,,
6172.5,,
6176.25,,
6180,,
6183.75,,
6187.5,,
6191.25,,
6195,,
6198.75,,
6202.5,,
6206.25,,
6210,,
6213.75,,
6217.5,,
6221.25,,
6225,,
6228.75,,
6232.5,,
6236.25,,
6240,,
6243.75,,
6247.5,,
6251.25,,
6255,,
6258.75,,
6262.5,,
6266.25,,
6270,,
6273.75,,
6277.5,,
6281.25,,
6285,,
6288.75,,
6292.5,,
6296.25,,
6300,,
6303.75,,
6307.5,,
6311.25,,
6315,,
6318.75,,
6322.5,,
6326.25,,
6330,,
6333.75,,
6337.5,,
6341.25,,
6345,,
6348.75,,
6352.5,,
6356.25,,
6360,,
6363.75,,
6367.5,,
6371.25,,
6375,,
6378.75,,
6382.5,,
6386.25,,
6390,,
6393.75,,
6397.5,,
6401.25,,
6405,,
6408.75,,
6412.5,,
6416.25,,
6420,,
6423.75,,
6427.5,,
6431.25,,
6435,,
6438.75,,
6442.5,,
6446.25,,
6450,,
6453.75,,
6457.5,,
6461.25,,
6465,,
6468.75,,
6472.5,,
6476.25,,
6480,,
6483.75,,
6487.5,,
6491.25,,
6495,,
6498.75,,
6502.5,,
6506.25,,
6510,,
6513.75,,
6517.5,,
6521.25,,
6525,,
6528.75,,
6532.5,,
6536.25,,
6540,,
6543.75,,
6547.5,,
6551.25,,
6555,,
6558.75,,
6562.5,,
6566.25,,
6570,,
6573.75,,
6577.5,,
6581.25,,
6585,,
6588.75,,
6592.5,,
6596.25,,
6600,,
6603.75,,
6607.5,,
6611.25,,
6615,,
6618.75,,
6622.5,,
6626.25,,
6630,,
6633.75,,
6637.5,,
6641.25,,
6645,,
6648.75,,
6652.5,,
6656.25,,
6660,,
6663.75,,
6667.5,,
6671.25,,
6675,,
6678.75,,
6682.5,,
6686.25,,
6690,,
6693.75,,
6697.5,,
6701.25,,
6705,,
6708.75,,
6712.5,,
6716.25,,
6720,,
6723.75,,
6727.5,,
6731.25,,
6735,,
6738.75,,
6742.5,,
6746.25,,
6750,,
6753.75,,
6757.5,,
6761.25,,
6765,,
6768.75,,
6772.5,,
6776.25,,
6780,,
6783.75,,
6787.5,,
6791.25,,
6795,,
6798.75,,
6802.5,,
6806.25,,
6810,,
6813.75,,
6817.5,,
6821.25,,
6825,,
6828.75,,
6832.5,,
6836.25,,
6840,,
6843.75,,
6847.5,,
6851.25,,
6855,,
6858.75,,
6862.5,,
6866.25,,
6870,,
6873.75,,
6877.5,,
6881.25,,
6885,,
6888.75,,
6892.5,,
6896.25,,
6900,,
6903.75,,
6907.5,,
6911.25,,
6915,,
6918.75,,
6922.5,,
6926.25,,
6930,,
6933.75,,
6937.5,,
6941.25,,
6945,,
6948.75,,
6952.5,,
6956.25,,
6960,,
6963.75,,
6967.5,,
6971.25,,
6975,,
6978.75,,
6982.5,,
6986.25,,
6990,,
6993.75,,
6997.5,,
7001.25,,
7005,,
7008.75,,
7012.5,,
7016.25,,
7020,,
7023.75,,
7027.5,,
7031.25,,
7035,,
7038.75,,
7042.5,,
7046.25,,
7050,,
7053.75,,
7057.5,,
7061.25,,
7065,,
7068.75,,
7072.5,,
7076.25,,
7080,,
7083.75,,
7087.5,,
7091.25,,
7095,,
7098.75,,
7102.5,,
7106.25,,
7110,,
7113.75,,
7117.5,,
7121.25,,
7125,,
7128.75,,
7132.5,,
7136.25,,
7140,,
7143.75,,
7147.5,,
7151.25,,
7155,,
7158.75,,
7162.5,,
7166.25,,
7170,,
7173.75,,
7177.5,,
7181.25,,
7185,,
7188.75,,
7192.5,,
7196.25,,
7200,,
7203.75,,
7207.5,,
7211.25,,
7215,,
7218.75,,
7222.5,,
7226.25,,
7230,,
7233.75,,
7237.5,,
7241.25,,
7245,,
7248.75,,
7252.5,,
7256.25,,
7260,,
7263.75,,
7267.5,,
7271.25,,
7275,,
7278.75,,
7282.5,,
7286.25,,
7290,,
7293.75,,
7297.5,,
7301.25,,
7305,,
7308.75,,
7312.5,,
7316.25,,
7320,,
7323.75,,
7327.5,,
7331.25,,
7335,,
7338.75,,
7342.5,,
7346.25,,
7350,,
7353.75,,
7357.5,,
7361.25,,
7365,,
7368.75,,
7372.5,,
7376.25,,
7380,,
7383.75,,
7387.5,,
7391.25,,
7395,,
7398.75,,
7402.5,,
7406.25,,
7410,,
7413.75,,
7417.5,,
7421.25,,
7425,,
7428.75,,
7432.5,,
7436.25,,
7440,,
7443.75,,
7447.5,,
7451.25,,
7455,,
7458.75,,
7462.5,,
7466.25,,
7470,,
7473.75,,
7477.5,,
7481.25,,
7485,,
7488.75,,
7492.5,,
7496.25,,
7500,,
7503.75,,
7507.5,,
7511.25,,
7515,,
7518.75,,
7522.5,,
7526.25,,
7530,,
7533.75,,
7537.5,,
7541.25,,
7545,,
7548.75,,
7552.5,,
7556.25,,
7560,,
7563.75,,
7567.5,,
7571.25,,
7575,,
7578.75,,
7582.5,,
7586.25,,
7590,,
7593.75,,
7597.5,,
7601.25,,
7605,,
7608.75,,
7612.5,,
7616.25,,
7620,,
7623.75,,
7627.5,,
7631.25,,
7635,,
7638.75,,
7642.5,,
7646.25,,
7650,,
7653.75,,
7657.5,,
7661.25,,
7665,,
7668.75,,
7672.5,,
7676.25,,
7680,,
7683.75,,
7687.5,,
7691.25,,
7695,,
7698.75,,
7702.5,,
7706.25,,
7710,,
7713.75,,
7717.5,,
7721.25,,
7725,,
7728.75,,
7732.5,,
7736.25,,
7740,,
7743.75,,
7747.5,,
7751.25,,
7755,,
7758.75,,
7762.5,,
7766.25,,
7770,,
7773.75,,
7777.5,,
7781.25,,
7785,,
7788.75,,
7792.5,,
7796.25,,
7800,,
7803.75,,
7807.5,,
7811.25,,
7815,,
7818.75,,
7822.5,,
7826.25,,
7830,,
7833.75,,
7837.5,,
7841.25,,
7845,,
7848.75,,
7852.5,,
7856.25,,
7860,,
7863.75,,
7867.5,,
7871.25,,
7875,,
7878.75,,
7882.5,,
7886.25,,
7890,,
7893.75,,
7897.5,,
7901.25,,
7905,,
7908.75,,
7912.5,,
7916.25,,
7920,,
7923.75,,
7927.5,,
7931.25,,
7935,,
7938.75,,
7942.5,,
7946.25,,
7950,,
7953.75,,
7957.5,,
7961.25,,
7965,,
7968.75,,
7972.5,,
7976.25,,
7980,,
7983.75,,
7987.5,,
7991.25,,
7995,,
7998.75,,
8002.5,,
8006.25,,
8010,,
8013.75,,
8017.5,,
8021.25,,
8025,,
8028.75,,
8032.5,,
8036.25,,
8040,,
8043.75,,
8047.5,,
8051.25,,
8055,,
8058.75,,
8062.5,,
8066.25,,
8070,,
8073.75,,
8077.5,,
8081.25,,
8085,,
8088.75,,
8092.5,,
8096.25,,
8100,,
8103.75,,
8107.5,,
8111.25,,
8115,,
8118.75,,
8122.5,,
8126.25,,
8130,,
8133.75,,
8137.5,,
8141.25,,
8145,,
8148.75,,
8152.5,,
8156.25,,
8160,,
8163.75,,
8167.5,,
8171.25,,
8175,,
8178.75,,
8182.5,,
8186.25,,
8190,,
8193.75,,
8197.5,,
8201.25,,
8205,,
8208.75,,
8212.5,,
8216.25,,
8220,,
8223.75,,
8227.5,,
8231.25,,
8235,,
8238.75,,
8242.5,,
8246.25,,
8250,,
8253.75,,
8257.5,,
8261.25,,
8265,,
8268.75,,
8272.5,,
8276.25,,
8280,,
8283.75,,
8287.5,,
8291.25,,
8295,,
8298.75,,
8302.5,,
8306.25,,
8310,,
8313.75,,
8317.5,,
8321.25,,
8325,,
8328.75,,
8332.5,,
8336.25,,
8340,,
8343.75,,
8347.5,,
8351.25,,
8355,,
8358.75,,
8362.5,,
8366.25,,
8370,,
8373.75,,
8377.5,,
8381.25,,
8385,,
8388.75,,
8392.5,,
8396.25,,
8400,,
8403.75,,
8407.5,,
8411.25,,
8415,,
8418.75,,
8422.5,,
8426.25,,
8430,,
8433.75,,
8437.5,,
8441.25,,
8445,,
8448.75,,
8452.5,,
8456.25,,
8460,,
8463.75,,
8467.5,,
8471.25,,
8475,,
8478.75,,
8482.5,,
8486.25,,
8490,,
8493.75,,
8497.5,,
8501.25,,
8505,,
8508.75,,
8512.5,,
8516.25,,
8520,,
8523.75,,
8527.5,,
8531.25,,
8535,,
8538.75,,
8542.5,,
8546.25,,
8550,,
8553.75,,
8557.5,,
8561.25,,
8565,,
8568.75,,
8572.5,,
8576.25,,
8580,,
8583.75,,
8587.5,,
8591.25,,
8595,,
8598.75,,
8602.5,,
8606.25,,
8610,,
8613.75,,
8617.5,,
8621.25,,
8625,,
8628.75,,
8632.5,,
8636.25,,
8640,,
8643.75,,
8647.5,,
8651.25,,
8655,,
8658.75,,
8662.5,,
8666.25,,
8670,,
8673.75,,
8677.5,,
8681.25,,
8685,,
8688.75,,
8692.5,,
8696.25,,
8700,,
8703.75,,
8707.5,,
8711.25,,
8715,,
8718.75,,
8722.5,,
8726.25,,
8730,,
8733.75,,
8737.5,,
8741.25,,
8745,,
8748.75,,
8752.5,,
8756.25,,
8760,,
8763.75,,
8767.5,,
8771.25,,
8775,,
8778.75,,
8782.5,,
8786.25,,
8790,,
8793.75,,
8797.5,,
8801.25,,
8805,,
8808.75,,
8812.5,,
8816.25,,
8820,,
8823.75,,
8827.5,,
8831.25,,
8835,,
8838.75,,
8842.5,,
8846.25,,
8850,,
8853.75,,
8857.5,,
8861.25,,
8865,,
8868.75,,
8872.5,,
8876.25,,
8880,,
8883.75,,
8887.5,,
8891.25,,
8895,,
8898.75,,
8902.5,,
8906.25,,
8910,,
8913.75,,
8917.5,,
8921.25,,
8925,,
8928.75,,
8932.5,,
8936.25,,
8940,,
8943.75,,
8947.5,,
8951.25,,
8955,,
8958.75,,
8962.5,,
8966.25,,
8970,,
8973.75,,
8977.5,,
8981.25,,
8985,,
8988.75,,
8992.5,,
8996.25,,
9000,,
9003.75,,
9007.5,,
9011.25,,
9015,,
9018.75,,
9022.5,,
9026.25,,
9030,,
9033.75,,
9037.5,,
9041.25,,
9045,,
9048.75,,
9052.5,,
9056.25,,
9060,,
9063.75,,
9067.5,,
9071.25,,
9075,,
9078.75,,
9082.5,,
9086.25,,
9090,,
9093.75,,
9097.5,,
9101.25,,
9105,,
9108.75,,
9112.5,,
9116.25,,
9120,,
9123.75,,
9127.5,,
9131.25,,
9135,,
9138.75,,
9142.5,,
9146.25,,
9150,,
9153.75,,
9157.5,,
9161.25,,
9165,,
9168.75,,
9172.5,,
9176.25,,
9180,,
9183.75,,
9187.5,,
9191.25,,
9195,,
9198.75,,
9202.5,,
9206.25,,
9210,,
9213.75,,
9217.5,,
9221.25,,
9225,,
9228.75,,
9232.5,,
9236.25,,
9240,,
9243.75,,
9247.5,,
9251.25,,
9255,,
9258.75,,
9262.5,,
9266.25,,
9270,,
9273.75,,
9277.5,,
9281.25,,
9285,,
9288.75,,
9292.5,,
9296.25,,
9300,,
9303.75,,
9307.5,,
9311.25,,
9315,,
9318.75,,
9322.5,,
9326.25,,
9330,,
9333.75,,
9337.5,,
9341.25,,
9345,,
9348.75,,
9352.5,,
9356.25,,
9360,,
9363.75,,
9367.5,,
9371.25,,
9375,,
9378.75,,
9382.5,,
9386.25,,
9390,,
9393.75,,
9397.5,,
9401.25,,
9405,,
9408.75,,
9412.5,,
9416.25,,
9420,,
9423.75,,
9427.5,,
9431.25,,
9435,,
9438.75,,
9442.5,,
9446.25,,
9450,,
9453.75,,
9457.5,,
9461.25,,
9465,,
9468.75,,
9472.5,,
9476.25,,
9480,,
9483.75,,
9487.5,,
9491.25,,
9495,,
9498.75,,
9502.5,,
9506.25,,
9510,,
9513.75,,
9517.5,,
9521.25,,
9525,,
9528.75,,
9532.5,,
9536.25,,
9540,,
9543.75,,
9547.5,,
9551.25,,
9555,,
9558.75,,
9562.5,,
9566.25,,
9570,,
9573.75,,
9577.5,,
9581.25,,
9585,,
9588.75,,
9592.5,,
9596.25,,
9600,,
9603.75,,
9607.5,,
9611.25,,
9615,,
9618.75,,
9622.5,,
9626.25,,
9630,,
9633.75,,
9637.5,,
9641.25,,
9645,,
9648.75,,
9652.5,,
9656.25,,
9660,,
9663.75,,
9667.5,,
9671.25,,
9675,,
9678.75,,
9682.5,,
9686.25,,
9690,,
9693.75,,
9697.5,,
9701.25,,
9705,,
9708.75,,
9712.5,,
9716.25,,
9720,,
9723.75,,
9727.5,,
9731.25,,
9735,,
9738.75,,
9742.5,,
9746.25,,
9750,,
9753.75,,
9757.5,,
9761.25,,
9765,,
9768.75,,
9772.5,,
9776.25,,
9780,,
9783.75,,
9787.5,,
9791.25,,
9795,,
9798.75,,
9802.5,,
9806.25,,
9810,,
9813.75,,
9817.5,,
9821.25,,
9825,,
9828.75,,
9832.5,,
9836.25,,
9840,,
9843.75,,
9847.5,,
9851.25,,
9855,,
9858.75,,
9862.5,,
9866.25,,
9870,,
9873.75,,
9877.5,,
9881.25,,
9885,,
9888.75,,
9892.5,,
9896.25,,
9900,,
9903.75,,
9907.5,,
9911.25,,
9915,,
9918.75,,
9922.5,,
9926.25,,
9930,,
9933.75,,
9937.5,,
9941.25,,
9945,,
9948.75,,
9952.5,,
9956.25,,
9960,,
9963.75,,
9967.5,,
9971.25,,
9975,,
9978.75,,
9982.5,,
9986.25,,
9990,,
9993.75,,
9997.5,,
10001.25,,
10005,,
10008.75,,
10012.5,,
10016.25,,
10020,,
10023.75,,
10027.5,,
10031.25,,
10035,,
10038.75,,
10042.5,,
10046.25,,
10050,,
10053.75,,
10057.5,,
10061.25,,
10065,,
10068.75,,
10072.5,,
10076.25,,
10080,,
10083.75,,
10087.5,,
10091.25,,
10095,,
10098.75,,
10102.5,,
10106.25,,
10110,,
10113.75,,
10117.5,,
10121.25,,
10125,,
10128.75,,
10132.5,,
10136.25,,
10140,,
10143.75,,
10147.5,,
10151.25,,
10155,,
10158.75,,
10162.5,,
10166.25,,
10170,,
10173.75,,
10177.5,,
10181.25,,
10185,,
10188.75,,
10192.5,,
10196.25,,
10200,,
10203.75,,
10207.5,,
10211.25,,
10215,,
10218.75,,
10222.5,,
10226.25,,
10230,,
10233.75,,
10237.5,,
10241.25,,
10245,,
10248.75,,
10252.5,,
10256.25,,
10260,,
10263.75,,
10267.5,,
10271.25,,
10275,,
10278.75,,
10282.5,,
10286.25,,
10290,,
10293.75,,
10297.5,,
10301.25,,
10305,,
10308.75,,
10312.5,,
10316.25,,
10320,,
10323.75,,
10327.5,,
10331.25,,
10335,,
10338.75,,
10342.5,,
10346.25,,
10350,,
10353.75,,
10357.5,,
10361.25,,
10365,,
10368.75,,
10372.5,,
10376.25,,
10380,,
10383.75,,
10387.5,,
10391.25,,
10395,,
10398.75,,
10402.5,,
10406.25,,
10410,,
10413.75,,
10417.5,,
10421.25,,
10425,,
10428.75,,
10432.5,,
10436.25,,
10440,,
10443.75,,
10447.5,,
10451.25,,
10455,,
10458.75,,
10462.5,,
10466.25,,
10470,,
10473.75,,
10477.5,,
10481.25,,
10485,,
10488.75,,
10492.5,,
10496.25,,
10500,,
10503.75,,
10507.5,,
10511.25,,
10515,,
10518.75,,
10522.5,,
10526.25,,
10530,,
10533.75,,
10537.5,,
10541.25,,
10545,,
10548.75,,
10552.5,,
10556.25,,
10560,,
10563.75,,
10567.5,,
10571.25,,
10575,,
10578.75,,
10582.5,,
10586.25,,
10590,,
10593.75,,
10597.5,,
10601.25,,
10605,,
10608.75,,
10612.5,,
10616.25,,
10620,,
10623.75,,
10627.5,,
10631.25,,
10635,,
10638.75,,
10642.5,,
10646.25,,
10650,,
10653.75,,
10657.5,,
10661.25,,
10665,,
10668.75,,
10672.5,,
10676.25,,
10680,,
10683.75,,
10687.5,,
10691.25,,
10695,,
10698.75,,
10702.5,,
10706.25,,
10710,,
10713.75,,
10717.5,,
10721.25,,
10725,,
10728.75,,
10732.5,,
10736.25,,
10740,,
10743.75,,
10747.5,,
10751.25,,
10755,,
10758.75,,
10762.5,,
10766.25,,
10770,,
10773.75,,
10777.5,,
10781.25,,
10785,,
10788.75,,
10792.5,,
10796.25,,
10800,,
10803.75,,
10807.5,,
10811.25,,
10815,,
10818.75,,
10822.5,,
10826.25,,
10830,,
10833.75,,
10837.5,,
10841.25,,
10845,,
10848.75,,
10852.5,,
10856.25,,
10860,,
10863.75,,
10867.5,,
10871.25,,
10875,,
10878.75,,
10882.5,,
10886.25,,
10890,,
10893.75,,
10897.5,,
10901.25,,
10905,,
10908.75,,
10912.5,,
10916.25,,
10920,,
10923.75,,
10927.5,,
10931.25,,
10935,,
10938.75,,
10942.5,,
10946.25,,
10950,,
10953.75,,
10957.5,,
10961.25,,
10965,,
10968.75,,
10972.5,,
10976.25,,
10980,,
10983.75,,
10987.5,,
10991.25,,
10995,,
10998.75,,
11002.5,,
11006.25,,
11010,,
11013.75,,
11017.5,,
11021.25,,
11025,,
11028.75,,
11032.5,,
11036.25,,
11040,,
11043.75,,
11047.5,,
11051.25,,
11055,,
11058.75,,
11062.5,,
11066.25,,
11070,,
11073.75,,
11077.5,,
11081.25,,
11085,,
11088.75,,
11092.5,,
11096.25,,
11100,,
11103.75,,
11107.5,,
11111.25,,
11115,,
11118.75,,
11122.5,,
11126.25,,
11130,,
11133.75,,
11137.5,,
11141.25,,
11145,,
11148.75,,
11152.5,,
11156.25,,
11160,,
11163.75,,
11167.5,,
11171.25,,
11175,,
11178.75,,
11182.5,,
11186.25,,
11190,,
11193.75,,
11197.5,,
11201.25,,
11205,,
11208.75,,
11212.5,,
11216.25,,
11220,,
11223.75,,
11227.5,,
11231.25,,
11235,,
11238.75,,
11242.5,,
11246.25,,
11250,,
11253.75,,
11257.5,,
11261.25,,
11265,,
11268.75,,
11272.5,,
11276.25,,
11280,,
11283.75,,
11287.5,,
11291.25,,
11295,,
11298.75,,
11302.5,,
11306.25,,
11310,,
11313.75,,
11317.5,,
11321.25,,
11325,,
11328.75,,
11332.5,,
11336.25,,
11340,,
11343.75,,
11347.5,,
11351.25,,
11355,,
11358.75,,
11362.5,,
11366.25,,
11370,,
11373.75,,
11377.5,,
11381.25,,
11385,,
11388.75,,
11392.5,,
11396.25,,
11400,,
11403.75,,
11407.5,,
11411.25,,
11415,,
11418.75,,
11422.5,,
11426.25,,
11430,,
11433.75,,
11437.5,,
11441.25,,
11445,,
11448.75,,
11452.5,,
11456.25,,
11460,,
11463.75,,
11467.5,,
11471.25,,
11475,,
11478.75,,
11482.5,,
11486.25,,
11490,,
11493.75,,
11497.5,,
11501.25,,
11505,,
11508.75,,
11512.5,,
11516.25,,
11520,,
11523.75,,
11527.5,,
11531.25,,
11535,,
11538.75,,
11542.5,,
11546.25,,
11550,,
11553.75,,
11557.5,,
11561.25,,
11565,,
11568.75,,
11572.5,,
11576.25,,
11580,,
11583.75,,
11587.5,,
11591.25,,
11595,,
11598.75,,
11602.5,,
11606.25,,
11610,,
11613.75,,
11617.5,,
11621.25,,
11625,,
11628.75,,
11632.5,,
11636.25,,
11640,,
11643.75,,
11647.5,,
11651.25,,
11655,,
11658.75,,
11662.5,,
11666.25,,
11670,,
11673.75,,
11677.5,,
11681.25,,
11685,,
11688.75,,
11692.5,,
11696.25,,
11700,,
11703.75,,
11707.5,,
11711.25,,
11715,,
11718.75,,
11722.5,,
11726.25,,
11730,,
11733.75,,
11737.5,,
11741.25,,
11745,,
11748.75,,
11752.5,,
11756.25,,
11760,,
11763.75,,
11767.5,,
11771.25,,
11775,,
11778.75,,
11782.5,,
11786.25,,
11790,,
11793.75,,
11797.5,,
11801.25,,
11805,,
11808.75,,
11812.5,,
11816.25,,
11820,,
11823.75,,
11827.5,,
11831.25,,
11835,,
11838.75,,
11842.5,,
11846.25,,
11850,,
11853.75,,
11857.5,,
11861.25,,
11865,,
11868.75,,
11872.5,,
11876.25,,
11880,,
11883.75,,
11887.5,,
11891.25,,
11895,,
11898.75,,
11902.5,,
11906.25,,
11910,,
11913.75,,
11917.5,,
11921.25,,
11925,,
11928.75,,
11932.5,,
11936.25,,
11940,,
11943.75,,
11947.5,,
11951.25,,
11955,,
11958.75,,
11962.5,,
11966.25,,
11970,,
11973.75,,
11977.5,,
11981.25,,
11985,,
11988.75,,
11992.5,,
11996.25,,
12000,,
12003.75,,
12007.5,,
12011.25,,
12015,,
12018.75,,
12022.5,,
12026.25,,
12030,,
12033.75,,
12037.5,,
12041.25,,
12045,,
12048.75,,
12052.5,,
12056.25,,
12060,,
12063.75,,
12067.5,,
12071.25,,
12075,,
12078.75,,
12082.5,,
12086.25,,
12090,,
12093.75,,
12097.5,,
12101.25,,
12105,,
12108.75,,
12112.5,,
12116.25,,
12120,,
12123.75,,
12127.5,,
12131.25,,
12135,,
12138.75,,
12142.5,,
12146.25,,
12150,,
12153.75,,
12157.5,,
12161.25,,
12165,,
12168.75,,
12172.5,,
12176.25,,
12180,,
12183.75,,
12187.5,,
12191.25,,
12195,,
12198.75,,
12202.5,,
12206.25,,
12210,,
12213.75,,
12217.5,,
12221.25,,
12225,,
12228.75,,
12232.5,,
12236.25,,
12240,,
12243.75,,
12247.5,,
12251.25,,
12255,,
12258.75,,
12262.5,,
12266.25,,
12270,,
12273.75,,
12277.5,,
12281.25,,
12285,,
12288.75,,
12292.5,,
12296.25,,
12300,,
12303.75,,
12307.5,,
12311.25,,
12315,,
12318.75,,
12322.5,,
12326.25,,
12330,,
12333.75,,
12337.5,,
12341.25,,
12345,,
12348.75,,
12352.5,,
12356.25,,
12360,,
12363.75,,
12367.5,,
12371.25,,
12375,,
12378.75,,
12382.5,,
12386.25,,
12390,,
12393.75,,
12397.5,,
12401.25,,
12405,,
12408.75,,
12412.5,,
12416.25,,
12420,,
12423.75,,
12427.5,,
12431.25,,
12435,,
12438.75,,
12442.5,,
12446.25,,
12450,,
12453.75,,
12457.5,,
12461.25,,
12465,,
12468.75,,
12472.5,,
12476.25,,
12480,,
12483.75,,
12487.5,,
12491.25,,
12495,,
12498.75,,
12502.5,,
12506.25,,
12510,,
12513.75,,
12517.5,,
12521.25,,
12525,,
12528.75,,
12532.5,,
12536.25,,
12540,,
12543.75,,
12547.5,,
12551.25,,
12555,,
12558.75,,
12562.5,,
12566.25,,
12570,,
12573.75,,
12577.5,,
12581.25,,
12585,,
12588.75,,
12592.5,,
12596.25,,
12600,,
12603.75,,
12607.5,,
12611.25,,
12615,,
12618.75,,
12622.5,,
12626.25,,
12630,,
12633.75,,
12637.5,,
12641.25,,
12645,,
12648.75,,
12652.5,,
12656.25,,
12660,,
12663.75,,
12667.5,,
12671.25,,
12675,,
12678.75,,
12682.5,,
12686.25,,
12690,,
12693.75,,
12697.5,,
12701.25,,
12705,,
12708.75,,
12712.5,,
12716.25,,
12720,,
12723.75,,
12727.5,,
12731.25,,
12735,,
12738.75,,
12742.5,,
12746.25,,
12750,,
12753.75,,
12757.5,,
12761.25,,
12765,,
12768.75,,
12772.5,,
12776.25,,
12780,,
12783.75,,
12787.5,,
12791.25,,
12795,,
12798.75,,
12802.5,,
12806.25,,
12810,,
12813.75,,
12817.5,,
12821.25,,
12825,,
12828.75,,
12832.5,,
12836.25,,
12840,,
12843.75,,
12847.5,,
12851.25,,
12855,,
12858.75,,
12862.5,,
12866.25,,
12870,,
12873.75,,
12877.5,,
12881.25,,
12885,,
12888.75,,
12892.5,,
12896.25,,
12900,,
12903.75,,
12907.5,,
12911.25,,
12915,,
12918.75,,
12922.5,,
12926.25,,
12930,,
12933.75,,
12937.5,,
12941.25,,
12945,,
12948.75,,
12952.5,,
12956.25,,
12960,,
12963.75,,
12967.5,,
12971.25,,
12975,,
12978.75,,
12982.5,,
12986.25,,
12990,,
12993.75,,
12997.5,,
13001.25,,
13005,,
13008.75,,
13012.5,,
13016.25,,
13020,,
13023.75,,
13027.5,,
13031.25,,
13035,,
13038.75,,
13042.5,,
13046.25,,
13050,,
13053.75,,
13057.5,,
13061.25,,
13065,,
13068.75,,
13072.5,,
13076.25,,
13080,,
13083.75,,
13087.5,,
13091.25,,
13095,,
13098.75,,
13102.5,,
13106.25,,
13110,,
13113.75,,
13117.5,,
13121.25,,
13125,,
13128.75,,
13132.5,,
13136.25,,
13140,,
13143.75,,
13147.5,,
13151.25,,
13155,,
13158.75,,
13162.5,,
13166.25,,
13170,,
13173.75,,
13177.5,,
13181.25,,
13185,,
13188.75,,
13192.5,,
13196.25,,
13200,,
13203.75,,
13207.5,,
13211.25,,
13215,,
13218.75,,
13222.5,,
13226.25,,
13230,,
13233.75,,
13237.5,,
13241.25,,
13245,,
13248.75,,
13252.5,,
13256.25,,
13260,,
13263.75,,
13267.5,,
13271.25,,
13275,,
13278.75,,
13282.5,,
13286.25,,
13290,,
13293.75,,
13297.5,,
13301.25,,
13305,,
13308.75,,
13312.5,,
13316.25,,
13320,,
13323.75,,
13327.5,,
13331.25,,
13335,,
13338.75,,
13342.5,,
13346.25,,
13350,,
13353.75,,
13357.5,,
13361.25,,
13365,,
13368.75,,
13372.5,,
13376.25,,
13380,,
13383.75,,
13387.5,,
13391.25,,
13395,,
13398.75,,
13402.5,,
13406.25,,
13410,,
13413.75,,
13417.5,,
13421.25,,
13425,,
13428.75,,
13432.5,,
13436.25,,
13440,,
13443.75,,
13447.5,,
13451.25,,
13455,,
13458.75,,
13462.5,,
13466.25,,
13470,,
13473.75,,
13477.5,,
13481.25,,
13485,,
13488.75,,
13492.5,,
13496.25,,
13500,,
13503.75,,
13507.5,,
13511.25,,
13515,,
13518.75,,
13522.5,,
13526.25,,
13530,,
13533.75,,
13537.5,,
13541.25,,
13545,,
13548.75,,
13552.5,,
13556.25,,
13560,,
13563.75,,
13567.5,,
13571.25,,
13575,,
13578.75,,
13582.5,,
13586.25,,
13590,,
13593.75,,
13597.5,,
13601.25,,
13605,,
13608.75,,
13612.5,,
13616.25,,
13620,,
13623.75,,
13627.5,,
13631.25,,
13635,,
13638.75,,
13642.5,,
13646.25,,
13650,,
13653.75,,
13657.5,,
13661.25,,
13665,,
13668.75,,
13672.5,,
13676.25,,
13680,,
13683.75,,
13687.5,,
13691.25,,
13695,,
13698.75,,
13702.5,,
13706.25,,
13710,,
13713.75,,
13717.5,,
13721.25,,
13725,,
13728.75,,
13732.5,,
13736.25,,
13740,,
13743.75,,
13747.5,,
13751.25,,
13755,,
13758.75,,
13762.5,,
13766.25,,
13770,,
13773.75,,
13777.5,,
13781.25,,
13785,,
13788.75,,
13792.5,,
13796.25,,
13800,,
13803.75,,
13807.5,,
13811.25,,
13815,,
13818.75,,
13822.5,,
13826.25,,
13830,,
13833.75,,
13837.5,,
13841.25,,
13845,,
13848.75,,
13852.5,,
13856.25,,
13860,,
13863.75,,
13867.5,,
13871.25,,
13875,,
13878.75,,
13882.5,,
13886.25,,
13890,,
13893.75,,
13897.5,,
13901.25,,
13905,,
13908.75,,
13912.5,,
13916.25,,
13920,,
13923.75,,
13927.5,,
13931.25,,
13935,,
13938.75,,
13942.5,,
13946.25,,
13950,,
13953.75,,
13957.5,,
13961.25,,
13965,,
13968.75,,
13972.5,,
13976.25,,
13980,,
13983.75,,
13987.5,,
13991.25,,
13995,,
13998.75,,
14002.5,,
14006.25,,
14010,,
14013.75,,
14017.5,,
14021.25,,
14025,,
14028.75,,
14032.5,,
14036.25,,
14040,,
14043.75,,
14047.5,,
14051.25,,
14055,,
14058.75,,
14062.5,,
14066.25,,
14070,,
14073.75,,
14077.5,,
14081.25,,
14085,,
14088.75,,
14092.5,,
14096.25,,
14100,,
14103.75,,
14107.5,,
14111.25,,
14115,,
14118.75,,
14122.5,,
14126.25,,
14130,,
14133.75,,
14137.5,,
14141.25,,
14145,,
14148.75,,
14152.5,,
14156.25,,
14160,,
14163.75,,
14167.5,,
14171.25,,
14175,,
14178.75,,
14182.5,,
14186.25,,
14190,,
14193.75,,
14197.5,,
14201.25,,
14205,,
14208.75,,
14212.5,,
14216.25,,
14220,,
14223.75,,
14227.5,,
14231.25,,
14235,,
14238.75,,
14242.5,,
14246.25,,
14250,,
14253.75,,
14257.5,,
14261.25,,
14265,,
14268.75,,
14272.5,,
14276.25,,
14280,,
14283.75,,
14287.5,,
14291.25,,
14295,,
14298.75,,
14302.5,,
14306.25,,
14310,,
14313.75,,
14317.5,,
14321.25,,
14325,,
14328.75,,
14332.5,,
14336.25,,
14340,,
14343.75,,
14347.5,,
14351.25,,
14355,,
14358.75,,
14362.5,,
14366.25,,
14370,,
14373.75,,
14377.5,,
14381.25,,
14385,,
14388.75,,
14392.5,,
14396.25,,
14400,,
14403.75,,
14407.5,,
14411.25,,
14415,,
14418.75,,
14422.5,,
14426.25,,
14430,,
14433.75,,
14437.5,,
14441.25,,
14445,,
14448.75,,
14452.5,,
14456.25,,
14460,,
14463.75,,
14467.5,,
14471.25,,
14475,,
14478.75,,
14482.5,,
14486.25,,
14490,,
14493.75,,
14497.5,,
14501.25,,
14505,,
14508.75,,
14512.5,,
14516.25,,
14520,,
14523.75,,
14527.5,,
14531.25,,
14535,,
14538.75,,
14542.5,,
14546.25,,
14550,,
14553.75,,
14557.5,,
14561.25,,
14565,,
14568.75,,
14572.5,,
14576.25,,
14580,,
14583.75,,
14587.5,,
14591.25,,
14595,,
14598.75,,
14602.5,,
14606.25,,
14610,,
14613.75,,
14617.5,,
14621.25,,
14625,,
14628.75,,
14632.5,,
14636.25,,
14640,,
14643.75,,
14647.5,,
14651.25,,
14655,,
14658.75,,
14662.5,,
14666.25,,
14670,,
14673.75,,
14677.5,,
14681.25,,
14685,,
14688.75,,
14692.5,,
14696.25,,
14700,,
14703.75,,
14707.5,,
14711.25,,
14715,,
14718.75,,
14722.5,,
14726.25,,
14730,,
14733.75,,
14737.5,,
14741.25,,
14745,,
14748.75,,
14752.5,,
14756.25,,
14760,,
14763.75,,
14767.5,,
14771.25,,
14775,,
14778.75,,
14782.5,,
14786.25,,
14790,,
14793.75,,
14797.5,,
14801.25,,
14805,,
14808.75,,
14812.5,,
14816.25,,
14820,,
14823.75,,
14827.5,,
14831.25,,
14835,,
14838.75,,
14842.5,,
14846.25,,
14850,,
14853.75,,
14857.5,,
14861.25,,
14865,,
14868.75,,
14872.5,,
14876.25,,
14880,,
14883.75,,
14887.5,,
14891.25,,
14895,,
14898.75,,
14902.5,,
14906.25,,
14910,,
14913.75,,
14917.5,,
14921.25,,
14925,,
14928.75,,
14932.5,,
14936.25,,
14940,,
14943.75,,
14947.5,,
14951.25,,
14955,,
14958.75,,
14962.5,,
14966.25,,
14970,,
14973.75,,
14977.5,,
14981.25,,
14985,,
14988.75,,
14992.5,,
14996.25,,
15000,,
15003.75,,
15007.5,,
15011.25,,
15015,,
15018.75,,
15022.5,,
15026.25,,
15030,,
15033.75,,
15037.5,,
15041.25,,
15045,,
15048.75,,
15052.5,,
15056.25,,
15060,,
15063.75,,
15067.5,,
15071.25,,
15075,,
15078.75,,
15082.5,,
15086.25,,
15090,,
15093.75,,
15097.5,,
15101.25,,
15105,,
15108.75,,
15112.5,,
15116.25,,
15120,,
15123.75,,
15127.5,,
15131.25,,
15135,,
15138.75,,
15142.5,,
15146.25,,
15150,,
15153.75,,
15157.5,,
15161.25,,
15165,,
15168.75,,
15172.5,,
15176.25,,
15180,,
15183.75,,
15187.5,,
15191.25,,
15195,,
15198.75,,
15202.5,,
15206.25,,
15210,,
15213.75,,
15217.5,,
15221.25,,
15225,,
15228.75,,
15232.5,,
15236.25,,
15240,,
15243.75,,
15247.5,,
15251.25,,
15255,,
15258.75,,
15262.5,,
15266.25,,
15270,,
15273.75,,
15277.5,,
15281.25,,
15285,,
15288.75,,
15292.5,,
15296.25,,
15300,,
15303.75,,
15307.5,,
15311.25,,
15315,,
15318.75,,
15322.5,,
15326.25,,
15330,,
15333.75,,
15337.5,,
15341.25,,
15345,,
15348.75,,
15352.5,,
15356.25,,
15360,,
15363.75,,
15367.5,,
15371.25,,
15375,,
15378.75,,
15382.5,,
15386.25,,
15390,,
15393.75,,
15397.5,,
15401.25,,
15405,,
15408.75,,
15412.5,,
15416.25,,
15420,,
15423.75,,
15427.5,,
15431.25,,
15435,,
15438.75,,
15442.5,,
15446.25,,
15450,,
15453.75,,
15457.5,,
15461.25,,
15465,,
15468.75,,
15472.5,,
15476.25,,
15480,,
15483.75,,
15487.5,,
15491.25,,
15495,,
15498.75,,
15502.5,,
15506.25,,
15510,,
15513.75,,
15517.5,,
15521.25,,
15525,,
15528.75,,
15532.5,,
15536.25,,
15540,,
15543.75,,
15547.5,,
15551.25,,
15555,,
15558.75,,
15562.5,,
15566.25,,
15570,,
15573.75,,
15577.5,,
15581.25,,
15585,,
15588.75,,
15592.5,,
15596.25,,
15600,,
15603.75,,
15607.5,,
15611.25,,
15615,,
15618.75,,
15622.5,,
15626.25,,
15630,,
15633.75,,
15637.5,,
15641.25,,
15645,,
15648.75,,
15652.5,,
15656.25,,
15660,,
15663.75,,
15667.5,,
15671.25,,
15675,,
15678.75,,
15682.5,,
15686.25,,
15690,,
15693.75,,
15697.5,,
15701.25,,
15705,,
15708.75,,
15712.5,,
15716.25,,
15720,,
15723.75,,
15727.5,,
15731.25,,
15735,,
15738.75,,
15742.5,,
15746.25,,
15750,,
15753.75,,
15757.5,,
15761.25,,
15765,,
15768.75,,
15772.5,,
15776.25,,
15780,,
15783.75,,
15787.5,,
15791.25,,
15795,,
15798.75,,
15802.5,,
15806.25,,
15810,,
15813.75,,
15817.5,,
15821.25,,
15825,,
15828.75,,
15832.5,,
15836.25,,
15840,,
15843.75,,
15847.5,,
15851.25,,
15855,,
15858.75,,
15862.5,,
15866.25,,
15870,,
15873.75,,
15877.5,,
15881.25,,
15885,,
15888.75,,
15892.5,,
15896.25,,
15900,,
15903.75,,
15907.5,,
15911.25,,
15915,,
15918.75,,
15922.5,,
15926.25,,
15930,,
15933.75,,
15937.5,,
15941.25,,
15945,,
15948.75,,
15952.5,,
15956.25,,
15960,,
15963.75,,
15967.5,,
15971.25,,
15975,,
15978.75,,
15982.5,,
15986.25,,
15990,,
15993.75,,
15997.5,,
16001.25,,
16005,,
16008.75,,
16012.5,,
16016.25,,
16020,,
16023.75,,
16027.5,,
16031.25,,
16035,,
16038.75,,
16042.5,,
16046.25,,
16050,,
16053.75,,
16057.5,,
16061.25,,
16065,,
16068.75,,
16072.5,,
16076.25,,
16080,,
16083.75,,
16087.5,,
16091.25,,
16095,,
16098.75,,
16102.5,,
16106.25,,
16110,,
16113.75,,
16117.5,,
16121.25,,
16125,,
16128.75,,
16132.5,,
16136.25,,
16140,,
16143.75,,
16147.5,,
16151.25,,
16155,,
16158.75,,
16162.5,,
16166.25,,
16170,,
16173.75,,
16177.5,,
16181.25,,
16185,,
16188.75,,
16192.5,,
16196.25,,
16200,,
16203.75,,
16207.5,,
16211.25,,
16215,,
16218.75,,
16222.5,,
16226.25,,
16230,,
16233.75,,
16237.5,,
16241.25,,
16245,,
16248.75,,
16252.5,,
16256.25,,
16260,,
16263.75,,
16267.5,,
16271.25,,
16275,,
16278.75,,
16282.5,,
16286.25,,
16290,,
16293.75,,
16297.5,,
16301.25,,
16305,,
16308.75,,
16312.5,,
16316.25,,
16320,,
16323.75,,
16327.5,,
16331.25,,
16335,,
16338.75,,
16342.5,,
16346.25,,
16350,,
16353.75,,
16357.5,,
16361.25,,
16365,,
16368.75,,
16372.5,,
16376.25,,
16380,,
16383.75,,
16387.5,,
16391.25,,
16395,,
16398.75,,
16402.5,,
16406.25,,
16410,,
16413.75,,
16417.5,,
16421.25,,
16425,,
16428.75,,
16432.5,,
16436.25,,
16440,,
16443.75,,
16447.5,,
16451.25,,
16455,,
16458.75,,
16462.5,,
16466.25,,
16470,,
16473.75,,
16477.5,,
16481.25,,
16485,,
16488.75,,
16492.5,,
16496.25,,
16500,,
16503.75,,
16507.5,,
16511.25,,
16515,,
16518.75,,
16522.5,,
16526.25,,
16530,,
16533.75,,
16537.5,,
16541.25,,
16545,,
16548.75,,
16552.5,,
16556.25,,
16560,,
16563.75,,
16567.5,,
16571.25,,
16575,,
16578.75,,
16582.5,,
16586.25,,
16590,,
16593.75,,
16597.5,,
16601.25,,
16605,,
16608.75,,
16612.5,,
16616.25,,
16620,,
16623.75,,
16627.5,,
16631.25,,
16635,,
16638.75,,
16642.5,,
16646.25,,
16650,,
16653.75,,
16657.5,,
16661.25,,
16665,,
16668.75,,
16672.5,,
16676.25,,
16680,,
16683.75,,
16687.5,,
16691.25,,
16695,,
16698.75,,
16702.5,,
16706.25,,
16710,,
16713.75,,
16717.5,,
16721.25,,
16725,,
16728.75,,
16732.5,,
16736.25,,
16740,,
16743.75,,
16747.5,,
16751.25,,
16755,,
16758.75,,
16762.5,,
16766.25,,
16770,,
16773.75,,
16777.5,,
16781.25,,
16785,,
16788.75,,
16792.5,,
16796.25,,
16800,,
16803.75,,
16807.5,,
16811.25,,
16815,,
16818.75,,
16822.5,,
16826.25,,
16830,,
16833.75,,
16837.5,,
16841.25,,
16845,,
16848.75,,
16852.5,,
16856.25,,
16860,,
16863.75,,
16867.5,,
16871.25,,