range_raw,range (m) for NRB,range (m),copol_raw,copol_snr,copol_nrb,pbls,Normalize copol nrb
0.029979246,29.979246,119.91698000000001,23.343985,73950.43,0.24712937,1.3190868,0.952333749648842
0.05995849,59.958490000000005,149.89623,9.807216,31066.46,0.25337532,,0.9764030417108062
0.08993774,89.93774,179.87548,9.123561,28903.34,0.25297442,,0.9748581399444388
0.11991698,119.91698000000001,209.85472,9.134032,28935.398,0.25032392,,0.9646442159440488
0.14989623,149.89623,239.83397,8.973211,28426.215,0.24140774,,0.93028496867229
0.17987548,179.87548,269.8132,8.585052,27195.91,0.2582065,,0.9950203989461218
0.20985472,209.85472,299.79247,8.114116,25701.363,0.2594987,,1.0
0.23983397,239.83397,329.7717,7.4465265,23587.477,0.24021499,,0.9256886065325182
0.2698132,269.8132,359.75096,7.429719,23529.82,0.23661245,,0.9118059165614316
0.29979247,299.79247,389.7302,6.9352527,21965.8,0.22724965,,0.8757255816695805
0.3297717,329.7717,419.70944,5.886226,18644.209,0.22494705,,0.8668523194913885
0.35975096,359.75096,449.6887,5.2296743,16565.61,0.22866055,,0.8811626031267208
0.3897302,389.7302,479.66793,4.541856,14389.245,0.22688396,,0.874316364590651
0.41970944,419.70944,509.64719999999994,4.056076,12847.181,0.22518007,,0.8677502816006399
0.44968867,449.68867,539.6264,3.6954634,11703.504,0.22618464,,0.8716214763310952
0.47966793,479.66793,569.60565,3.3049977,10468.112,0.22855224,,0.8807452214596835
0.5096472,509.64719999999994,599.58494,2.9405773,9314.386,0.2309698,,0.8900614916375302
0.5396264,539.6264,629.56417,2.660494,8426.375,0.23312327,,0.8983600688558362
0.56960565,569.60565,659.5434,2.4408448,7729.8057,0.23443021,,0.9033964717356965
0.59958494,599.58494,689.5227000000001,2.2428677,7103.065,0.23544152,,0.9072936396213159
0.62956417,629.56417,719.5019,2.0646734,6538.817,0.23749375,,0.91520208001042
0.6595434,659.5434,749.48114,1.9115723,6053.668,0.23938435,,0.9224876656414848
0.6895226,689.5226,779.4604,1.7676929,5598.207,0.23867488,,0.9197536635058287
0.7195019,719.5019,809.43966,1.6465268,5214.2354,0.23679045,,0.9124918544871322
0.74948114,749.48114,839.4189,1.5324855,4852.198,0.23773678,,0.9161386164940325
0.7794604,779.4604,869.3981,1.4271308,4518.1543,0.2345843,,0.9039902704714897
0.80943966,809.43966,899.3774,1.3291833,4207.6353,0.23286527,,0.8973658442219556
0.8394189,839.4189,929.35663,1.2479101,3950.7717,0.23042148,,0.8879484945396643
0.8693981,869.3981,959.33586,1.1584412,3667.788,0.22960506,,0.88480235161101
0.89937735,899.37735,989.31515,1.0747285,3401.3682,0.22723596,,0.8756728261066432
0.92935663,929.35663,1019.2943999999999,1.0011156,3169.4521,0.22535388,,0.8684200730099996
0.95933586,959.33586,1049.2736,0.9431057,2985.1812,0.22553727,,0.8691267817526639
0.9893151,989.3151,1079.2528,0.8783728,2780.2148,0.22865629,,0.8811461868595102
1.0192944,1019.2943999999999,1109.2321,0.8307154,2630.2534,0.22635841,,0.8722911135971009
1.0492736,1049.2736,1139.2113,0.79018295,2501.092,0.22721042,,0.8755744055750567
1.0792528,1079.2528,1169.1906000000001,0.7567455,2395.7415,0.2237477,,0.8622305236981919
1.1092321,1109.2321,1199.1699,0.7142942,2259.7522,0.21884738,,0.8433467296753316
1.1392113,1139.2113,1229.1491,0.6816302,2156.882,0.22068667,,0.8504345879189374
1.1691905,1169.1905,1259.1283,0.6384055,2019.5717,0.20197298,,0.7783198143189156
1.1991699,1199.1699,1289.1075999999998,0.5990778,1894.6261,0.17631453,,0.6794428257251385
1.2291491,1229.1491,1319.0868,0.57239324,1810.8605,0.16229187,,0.6254053295835393
1.2591283,1259.1283,1349.066,0.50487876,1596.6603,0.15601969,,0.6012349580171307
1.2891076,1289.1075999999998,1379.0454000000002,0.4219247,1333.5463,0.15684825,,0.6044278834537513
1.3190868,1319.0868,1409.0246,0.37193215,1174.5709,0.15601152,,0.6012034742370578
1.349066,1349.066,1439.0038,0.3435371,1085.0745,0.15411945,,0.5939122238377301
1.3790452,1379.0452,1468.983,0.33233678,1050.7476,0.15348922,,0.5914835796865263
1.4090246,1409.0246,1498.9623000000001,0.3173434,1003.2183,0.1557244,,0.6000970332413996
1.4390038,1439.0038,1528.9415,0.30206752,954.92175,0.1539581,,0.5932904480831694
1.468983,1468.983,1558.9207000000001,0.2859884,903.7267,0.14999938,,0.5780351886155883
1.4989623,1498.9623000000001,1588.9001,0.28128812,888.7801,0.14997308,,0.5779338393602742
1.5289415,1528.9415,1618.8792999999998,0.26802024,846.64087,0.14869249,,0.5729989784149208
1.5589207,1558.9207000000001,1648.8585,0.25406814,802.2084,0.14947289,,0.576006315253217
1.5889,1588.9,1678.8378,0.24511379,773.90063,0.14713426,,0.5669942084488283
1.6188793,1618.8792999999998,1708.817,0.23354156,737.486,0.15030007,,0.5791939227441216
1.6488585,1648.8585,1738.7962,0.22611931,713.7793,0.14682847,,0.5658158210426487
1.6788378,1678.8378,1768.7756,0.21557342,680.6437,0.14447418,,0.5567433671151338
1.708817,1708.817,1798.7548,0.21398184,676.0686,0.14096326,,0.5432137424965905
1.7387962,1738.7962,1828.7340000000002,0.19953892,630.12476,0.14031309,,0.5407082578833727
1.7687755,1768.7755,1858.7133000000001,0.19314294,609.3368,0.13963169,,0.5380824258464493
1.7987547,1798.7547,1888.6925,0.18467946,582.5559,0.14206295,,0.5474514901230718
1.828734,1828.7340000000002,1918.6716999999999,0.17404431,549.29736,0.13768193,,0.5305688621946854
1.8587133,1858.7133000000001,1948.6509999999998,0.17066784,538.74225,0.13672927,,0.5268977070020004
1.8886925,1888.6925,1978.6303,0.16729137,527.92236,0.13398904,,0.5163380009225479
1.9186717,1918.6716999999999,2008.6095,0.15652238,493.82806,0.13020134,,0.5017417813653786
1.948651,1948.6509999999998,2038.5887999999998,0.15134615,477.0828,0.12983982,,0.500348633731113
1.9786302,1978.6302,2068.5679999999998,0.14451882,455.3418,0.12858889,,0.49552807008281735
2.0086095,2008.6095,2098.5472,0.13672467,430.91992,0.12313906,,0.4745266931973069
2.0385888,2038.5887999999998,2128.5264,0.13220291,415.9778,0.11700698,,0.4508962087285986
2.068568,2068.5679999999998,2158.5057,0.12601517,396.8654,0.11255826,,0.4337526931734147
2.0985472,2098.5472,2188.485,0.11784918,370.85373,0.103411295,,0.3985040965523141
2.1285264,2128.5264,2218.4640999999997,0.108671725,341.49707,0.10090281,,0.3888374392627015
2.1585057,2158.5057,2248.4434,0.102022916,320.62415,0.095527664,,0.36812386343361253
2.188485,2188.485,2278.4226,0.09195299,288.8699,0.09163742,,0.35313248197389807
2.2184641,2218.4640999999997,2308.402,0.08686599,272.8774,0.089512244,,0.3449429380571078
2.2484434,2248.4434,2338.3813,0.0805444,253.00108,0.090690866,,0.3494848567642149
2.2784226,2278.4226,2368.3605000000002,0.07594824,238.38683,0.09243606,,0.35621010818165944
2.3084018,2308.4018,2398.3397,0.07282463,228.61865,0.08748239,,0.33712072546028166
2.338381,2338.381,2428.319,0.07108434,222.92616,0.08767387,,0.3378586096963106
2.3683605,2368.3605000000002,2458.2982,0.07120333,223.50513,0.09069697,,0.3495083790400491
2.3983397,2398.3397,2488.2774,0.06620555,207.39885,0.088534266,,0.34117421782845153
2.428319,2428.319,2518.2567,0.06492637,203.41083,0.08662265,,0.3338076452791478
2.4582982,2458.2982,2548.2360000000003,0.063364565,198.44293,0.08266481,,0.31855577696535664
2.4882774,2488.2774,2578.2151,0.061073925,191.1187,0.08474294,,0.326564025176234
2.5182567,2518.2567,2608.1944,0.059110515,184.9379,0.08419647,,0.32445815720849464
2.548236,2548.2360000000003,2638.1736,0.055778667,174.49393,0.083877735,,0.3232298851593476
2.5782151,2578.2151,2668.1528000000003,0.05592741,175.03403,0.08223706,,0.3169074064725565
2.6081944,2608.1944,2698.132,0.054112747,168.99469,0.08259991,,0.3183056793733456
2.6381736,2638.1736,2728.1115,0.051807232,162.09816,0.08213929,,0.316530641579322
2.6681528,2668.1528000000003,2758.0906999999997,0.050557785,157.94148,0.08306536,,0.3200993299773756
2.698132,2698.132,2788.0699999999997,0.050840393,158.81636,0.080481395,,0.31014180417859505
2.7281113,2728.1113,2818.0492,0.048847243,152.4744,0.083351664,,0.3212026264486103
2.7580905,2758.0905,2848.0284,0.047463935,148.0744,0.08050645,,0.3102383557220132
2.78807,2788.0699999999997,2878.0077,0.045084044,140.38666,0.08234652,,0.31732921976102385
2.8180492,2818.0492,2907.9869,0.045217913,140.7853,0.07936292,,0.3058316669794492
2.8480284,2848.0284,2937.966,0.043358617,135.04242,0.08039958,,0.3098265232157232
2.8780077,2878.0077,2967.9453,0.04422133,137.8584,0.08251418,,0.31797531162969217
2.9079869,2907.9869,2997.9246000000003,0.04178194,130.05833,0.08050681,,0.31023974301220003
2.937966,2937.966,3027.9037999999996,0.040621746,126.537025,0.08161309,,0.3145028857562677
2.9679453,2967.9453,3057.883,0.040889483,127.11149,0.07958451,,0.30668558262526935
2.9979246,2997.9246000000003,3087.8623,0.038955823,121.11441,0.080112785,,0.30872133463481705
3.0279038,3027.9037999999996,3117.8415,0.039833408,123.96182,0.07968708,,0.3070808447209947
3.057883,3057.883,3147.821,0.037349395,115.88426,0.07950209,,0.3063679702441669
3.0878623,3087.8623,3177.8002,0.036561057,113.39782,0.075271346,,0.29006444348276117
3.1178415,3117.8415,3207.7794000000004,0.036204077,112.43138,0.076749355,,0.2957600750986421
3.1478207,3147.8207,3237.7585999999997,0.035014134,108.705986,0.07656883,,0.2950644068737146
3.1778,3177.8,3267.7379,0.033229217,103.0874,0.07787124,,0.30008335301872413
3.2077794,3207.7794000000004,3297.717,0.033809315,104.85086,0.07663153,,0.29530602658125066
3.2377586,3237.7585999999997,3327.6963,0.032426003,100.36248,0.07405922,,0.2853934143022681
3.2677379,3267.7379,3357.6756,0.03239625,100.309265,0.07571358,,0.2917686292840773
3.297717,3297.717,3387.6548,0.03160791,97.7972,0.07784847,,0.2999956069144084
3.3276963,3327.6963,3417.634,0.03032872,93.804054,0.0751485,,0.2895910461208476
3.3576756,3357.6756,3447.6132000000002,0.030581586,94.61011,0.07461375,,0.28753034215585666
3.3876548,3387.6548,3477.5925,0.029912243,92.48311,0.07780804,,0.2998398065192619
3.417634,3417.634,3507.5717,0.028796665,88.79781,0.07534454,,0.2903465026992428
3.4476132,3447.6132000000002,3537.5512,0.028930536,89.36825,0.07693073,,0.29645901886984405
3.4775925,3477.5925,3567.5304,0.0286628,88.47006,0.076081224,,0.2931853762658541
3.5075717,3507.5717,3597.5096,0.027279489,84.005424,0.07035192,,0.2711070228868198
3.537551,3537.551,3627.4889,0.027814962,85.701126,0.072030686,,0.27757628843612697
3.5675302,3567.5302,3657.4680000000003,0.027086122,83.38256,0.081196755,,0.312898503923141
3.5975094,3597.5094,3687.4473000000003,0.02476573,76.21897,0.07666003,,0.29541585372103984
3.6274889,3627.4889,3717.4265,0.025137588,77.44403,0.07223812,,0.2783756527489348
3.657468,3657.4680000000003,3747.4058,0.02625316,80.715,0.07393059,,0.2848977278113532
3.6874473,3687.4473000000003,3777.385,0.024884723,76.489586,0.07343417,,0.28298473171541894
3.7174265,3717.4265,3807.3642,0.024408747,75.10133,0.07476959,,0.2881308846633913
3.7474058,3747.4058,3837.3435,0.024200507,74.361244,0.07093535,,0.2733553193137383
3.777385,3777.385,3867.3226999999997,0.023144431,70.993744,0.07107499,,0.2738934337628666
3.8073642,3807.3642,3897.3019999999997,0.023784027,73.15674,0.07193906,,0.2772231999620807
3.8373435,3837.3435,3927.2811,0.02155288,65.94339,0.07178248,,0.2766198058024953
3.8673227,3867.3226999999997,3957.2606,0.02180574,66.65793,0.07069066,,0.2724123858809312
3.897302,3897.3019999999997,3987.2398,0.020764537,63.66988,0.07387015,,0.28466481720332315
3.9272811,3927.2811,4017.219,0.020690165,63.2043,0.0703763,,0.27120097326113773
3.9572604,3957.2604,4047.1983,0.020615797,62.97684,0.0693748,,0.26734160903310883
3.9872396,3987.2396,4077.1775000000002,0.020987654,64.00238,0.06914136,,0.26644202841863945
4.017219,4017.219,4107.156800000001,0.020541424,62.820496,0.06910644,,0.2663074612705189
4.0471983,4047.1983,4137.1359999999995,0.01911349,58.144096,0.074567474,,0.28735201370950986
4.0771775,4077.1775000000002,4167.115,0.018920125,57.639175,0.06960257,,0.2682193398271359
4.1071568,4107.156800000001,4197.0944,0.018667262,56.896458,0.07159527,,0.27589837636951553
4.137136,4137.1359999999995,4227.0737,0.019678716,60.106785,0.072405025,,0.2790188351617946
4.167115,4167.115,4257.053,0.018221032,55.45771,0.072619885,,0.27984681618828916
4.1970944,4197.0944,4287.032,0.018414399,56.04204,0.06640723,,0.2559058292006858
4.2270737,4227.0737,4317.0114,0.0183549,55.856464,0.067818485,,0.26134421868009355
4.257053,4257.053,4346.9906,0.018310279,55.708637,0.06853917,,0.2641214387586527
4.287032,4287.032,4376.97,0.01645099,49.706787,0.07002236,,0.26983703579247215
4.3170114,4317.0114,4406.949,0.016822848,51.008713,0.06693087,,0.25792371984907825
4.3469906,4346.9906,4436.9283,0.016644355,50.41381,0.06837751,,0.26349846839309793
4.37697,4376.97,4466.907499999999,0.016674105,50.59862,0.06580821,,0.2535974554015107
4.406949,4406.949,4496.8867,0.015945263,48.04351,0.071355864,,0.2749758052737836
4.4369283,4436.9283,4526.866,0.016034508,48.502895,0.0680857,,0.2623739540891727
4.4669075,4466.907499999999,4556.845,0.015186672,45.743103,0.06682963,,0.2575335830198764
4.4968867,4496.8867,4586.825,0.016049381,48.481277,0.0652805,,0.25156388066683955
4.526866,4526.866,4616.804,0.015261044,45.98876,0.06947166,,0.2677148671650378
4.556845,4556.845,4646.7834,0.014814814,44.4992,0.06504221,,0.25064561017068676
4.5868244,4586.8244,4676.7626,0.014234717,42.72355,0.065742426,,0.2533439512413742
4.6168036,4616.8036,4706.742,0.0151123,45.51219,0.06747559,,0.26002284404507614
4.646783,4646.783,4736.7210000000005,0.014011603,41.939377,0.06542036,,0.25210284290441526
4.676762,4676.762,4766.7003,0.013847985,41.568398,0.06482257,,0.24979920901337846
4.706742,4706.742,4796.6795,0.014085974,42.408066,0.061554696,,0.23720618253578918
4.736721,4736.7210000000005,4826.6587,0.013461252,40.299053,0.065308146,,0.2516704168460189
4.7667003,4766.7003,4856.638,0.013282761,39.763893,0.06324708,,0.24372792618999628
4.7966795,4796.6795,4886.617,0.012553919,37.50392,0.06867695,,0.2646523855418158
4.8266587,4826.6587,4916.5964,0.013044771,39.132427,0.06783905,,0.26142346763201507
4.856638,4856.638,4946.5756,0.012643165,37.681347,0.06557399,,0.2526948689916365
4.886617,4886.617,4976.555,0.01338688,40.113594,0.064576,,0.24884903084292903
4.9165964,4916.5964,5006.534000000001,0.01307452,39.07528,0.06441207,,0.24821731284202964
4.9465756,4946.5756,5036.5133000000005,0.01252417,37.323353,0.060936086,,0.23482231702894849
4.976555,4976.555,5066.4926000000005,0.012167187,36.14702,0.060333923,,0.23250183141572575
5.006534,5006.534000000001,5096.472000000001,0.012003571,35.741882,0.06471499,,0.24938464046255335
5.0365133,5036.5133000000005,5126.451,0.011289602,33.418133,0.058930676,,0.22709430143580678
5.0664926,5066.4926000000005,5156.4302,0.0111259855,32.90461,0.066532716,,0.25638940002396926
5.096472,5096.472000000001,5186.4095,0.011691209,34.660244,0.06672454,,0.25712860989284336
5.126451,5126.451,5216.3887,0.010635132,31.349976,0.0668549,,0.2576309630838227
5.1564302,5156.4302,5246.368,0.011765581,34.93226,0.058522753,,0.2255223359500452
5.1864095,5186.4095,5276.347000000001,0.011587089,34.25094,0.0631042,,0.24317732612918674
5.2163887,5216.3887,5306.3264,0.011661461,34.603455,0.06126856,,0.23610353346664162
5.246368,5246.368,5336.305600000001,0.010188904,29.908997,0.05988821,,0.2307842389961876
5.276347,5276.347000000001,5366.285000000001,0.01079875,31.943886,0.05959304,,0.22964677665051883
5.3063264,5306.3264,5396.264,0.010397145,30.642046,0.061560962,,0.23723032909220737
5.3363056,5336.305600000001,5426.244,0.0100699095,29.559439,0.06109528,,0.23543578445672367
5.366285,5366.285000000001,5456.223,0.009861668,29.024275,0.06009256,,0.23157171885639502
5.396264,5396.264,5486.2022,0.010114532,29.759356,0.06121397,,0.23589316632414725
5.4262433,5426.2433,5516.1815,0.009950916,29.20911,0.05773523,,0.2224875500339693
5.4562225,5456.2225,5546.160699999999,0.009608805,28.10714,0.061150074,,0.23564693773032386
5.486202,5486.201999999999,5576.139999999999,0.009861669,28.972446,0.05850529,,0.22545504081523335
5.516181,5516.181,5606.119,0.009281571,27.217094,0.052419685,,0.20200365165605838
5.5461607,5546.160699999999,5636.0984,0.009489811,27.71914,0.06150984,,0.23703332617851264
5.57614,5576.139999999999,5666.0776000000005,0.009147702,26.6735,0.06026713,,0.2322444389894824
5.606119,5606.119,5696.057,0.008299866,24.072527,0.059479006,,0.22920733706951132
5.6360984,5636.0984,5726.036,0.009415438,27.547644,0.056055054,,0.21601285093143047
5.6660776,5666.0776000000005,5756.0153,0.0091179535,26.474464,0.060170736,,0.23187297662762857
5.696057,5696.057,5785.9945,0.008939463,26.087845,0.057692986,,0.22232475923771486
5.726036,5726.036,5815.9738,0.008329614,24.113625,0.056503203,,0.21773983068123268
5.7560153,5756.0153,5845.9529999999995,0.008775843,25.4085,0.056079295,,0.21610626565759286
5.7859945,5785.9945,5875.932,0.008448609,24.448662,0.05314741,,0.20480800096493737
5.8159738,5815.9738,5905.9114,0.008151123,23.517567,0.057545286,,0.22175558490273745
5.845953,5845.9529999999995,5935.8907,0.008091625,23.323067,0.061822083,,0.23823658076129087
5.875932,5875.932,5965.87,0.007645396,21.879377,0.060118597,,0.23167205461915608
5.9059114,5905.9114,5995.849,0.008106499,23.328897,0.052891508,,0.20382186114997874
5.9358907,5935.8907,6025.8284,0.008567603,24.85282,0.056433875,,0.21747266941992385
5.96587,5965.87,6055.807599999999,0.008255243,23.927584,0.05540441,,0.21350553971946679
5.995849,5995.849,6085.787,0.0073776594,21.041655,0.058367014,,0.22492218265447955
6.0258284,6025.8284,6115.766,0.0076751444,22.002514,0.05369787,,0.2069292447322472
6.0558076,6055.807599999999,6145.7453,0.00745203,21.265217,0.054750785,,0.21098674097403955
6.085787,6085.787,6175.7245,0.0077941385,22.342524,0.051980954,,0.20031296495897666
6.115766,6115.766,6205.7037,0.007109921,20.231989,0.05550748,,0.21390272860711823
6.1457453,6145.7453,6235.683,0.0072140414,20.528025,0.05715078,,0.2202353229515215
6.1757245,6175.7245,6265.6627,0.006842183,19.324696,0.057210498,,0.2204654512720102
6.2057037,6205.7037,6295.642,0.0070950473,20.1655,0.057151362,,0.2202375657373235
6.235683,6235.683,6325.621,0.007273538,20.680208,0.05374074,,0.2070944478719932
6.265662,6265.662,6355.6004,0.0073776585,21.029577,0.055244356,,0.21288875820957867
6.2956414,6295.6414,6385.5796,0.0071396697,20.237272,0.05161854,,0.19891637222074712
6.3256207,6325.6207,6415.559,0.006827309,19.405657,0.058659475,,0.2260492056414926
6.3556,6355.6,6445.538,0.006857058,19.389912,0.051688798,,0.19918711731503855
6.385579,6385.579,6475.5172999999995,0.0064405776,18.09938,0.055111513,,0.21237683656989417
6.415559,6415.559,6505.496499999999,0.007273538,20.710264,0.052399684,,0.20192657612542952
6.445538,6445.538,6535.4757,0.0062769596,17.549532,0.057542715,,0.22174567733865333
6.4755173,6475.5172999999995,6565.455,0.006544697,18.357426,0.055260617,,0.2129514213366001
6.5054965,6505.496499999999,6595.434,0.006113342,17.079353,0.054048665,,0.20828106267969743
6.5354757,6535.4757,6625.4134,0.0066636917,18.762434,0.056142926,,0.21635147305169544
6.565455,6565.455,6655.3926,0.0064852005,18.237494,0.055942502,,0.21557912236169197
6.595434,6595.434,6685.372,0.0063513312,17.760605,0.050356932,,0.19405466000407706
6.6254134,6625.4134,6715.351,0.0064257025,18.063494,0.047696296,,0.18380167607776068
6.6553926,6655.3926,6745.3303,0.006425703,18.071165,0.048735574,,0.18780662099655987
6.685372,6685.372,6775.3096,0.0058753532,16.316835,0.050053902,,0.1928869084893296
6.715351,6715.351,6805.289,0.0055183694,15.130096,0.053023044,,0.20432874615556837
6.7453303,6745.3303,6835.268,0.0055629928,15.282388,0.047414154,,0.18271441822251902
6.7753096,6775.3096,6865.2472,0.0056076157,15.481223,0.050567415,,0.1948657738940503
6.805289,6805.289,6895.2265,0.0059199766,16.44728,0.053361442,,0.20563279122400227
6.835268,6835.268,6925.2057,0.005339878,14.591258,0.05377741,,0.20723575879185518
6.8652472,6865.2472,6955.185,0.0056076157,15.495071,0.050853338,,0.19596760214983733
6.8952265,6895.2265,6985.164,0.005726611,15.812578,0.04959994,,0.19113752785659427
6.9252057,6925.2057,7015.1434,0.0057266103,15.826237,0.05287866,,0.20377235030464505
6.955185,6955.185,7045.1226,0.005503495,15.16003,0.04236318,,0.16325006637798184
6.985164,6985.164,7075.1023000000005,0.0054142494,14.845182,0.04981863,,0.19198026810924293
7.0151434,7015.1434,7105.0816,0.00562249,15.472778,0.050115313,,0.19312356092728017
7.0451226,7045.1226,7135.061000000001,0.0046259114,12.345571,0.051897552,,0.19999156835853124
7.075102,7075.102,7165.04,0.005191135,14.179,0.05064586,,0.1951680682793401
7.105081,7105.081,7195.0192,0.005280381,14.402998,0.05122241,,0.19738985204935516
7.1350603,7135.0603,7224.9985,0.005384501,14.814565,0.051593184,,0.19881866074858948
7.1650395,7165.0395,7254.9777,0.0051316377,13.938911,0.042907085,,0.16534604990314014
7.195019,7195.019,7284.957,0.0052060094,14.14565,0.051048286,,0.19671885061466587
7.224998,7224.9980000000005,7314.936000000001,0.0051762606,14.0352955,0.045513194,,0.17538890946274488
7.2549777,7254.9777,7344.9154,0.004596162,12.285424,0.045161158,,0.17403230921773402
7.284957,7284.957,7374.8946000000005,0.005161387,14.053871,0.04676834,,0.1802257198205617
7.314936,7314.936000000001,7404.874000000001,0.0046110367,12.306485,0.04660822,,0.17960868397413934
7.3449154,7344.9154,7434.853,0.0046259114,12.335476,0.051940683,,0.20015777728366269
7.3748946,7374.8946000000005,7464.8323,0.004655659,12.458965,0.040530644,,0.1561882352397141
7.404874,7404.874000000001,7494.8115,0.0046110367,12.33691,0.050411925,,0.1942665801408639
7.434853,7434.853,7524.790999999999,0.0050572664,13.647454,0.04531472,,0.17462407326125332
7.4648323,7464.8323,7554.77,0.0041499333,10.856474,0.046858095,,0.18057159823922045
7.4948115,7494.8115,7584.749000000001,0.0047151577,12.632899,0.05052553,,0.1947043665343988
7.524791,7524.790999999999,7614.7285,0.004387922,11.63374,0.046403993,,0.17882167810474578
7.55477,7554.77,7644.7077,0.0045069167,11.882481,0.04959554,,0.19112057208764435
7.584749,7584.749000000001,7674.687,0.0046556597,12.397883,0.055671886,,0.21453628091393132
7.6147285,7614.7285,7704.665999999999,0.0045217904,11.987164,0.047428098,,0.1827681525957548
7.6447077,7644.7077,7734.645399999999,0.004551539,12.102513,0.04856945,,0.18716644823268863
7.674687,7674.687,7764.6246,0.0049977694,13.507631,0.05423874,,0.20901353263041392
7.704666,7704.665999999999,7794.603999999999,0.0043581733,11.471246,0.048073366,,0.18525474694092878
7.7346454,7734.645399999999,7824.583,0.0044325455,11.614964,0.046267085,,0.17829409164670187
7.7646246,7764.6246,7854.5623000000005,0.004819277,13.0154295,0.04422406,,0.1704211234969578
7.794604,7794.603999999999,7884.5415,0.0042689275,11.209574,0.048797272,,0.18804437941307606
7.824583,7824.583,7914.521,0.0042243046,11.112239,0.0403647,,0.15554875612093624
7.8545623,7854.5623000000005,7944.5004,0.003986316,10.290219,0.051418018,,0.19814364387952618
7.8845415,7884.5415,7974.4797,0.0042689275,11.241206,0.04937319,,0.19026372771809644
7.9145207,7914.5207,8004.458,0.0037037039,9.454185,0.040750407,,0.15703511038783624
7.9445,7944.5,8034.438,0.004417671,11.62825,0.044226665,,0.17043116208289288
7.974479,7974.478999999999,8064.417,0.0042540533,11.202969,0.053409163,,0.20581668809901552
8.004458,8004.458,8094.397000000001,0.0037334524,9.531377,0.04512884,,0.173907769094797
8.034438,8034.438,8124.375000000001,0.0038673207,10.002114,0.039936177,,0.1538974068078183
8.064417,8064.417,8154.3550000000005,0.004462294,11.876954,0.046320632,,0.17850043950123834
8.094397,8094.397000000001,8184.334,0.0038078236,9.770208,0.044250205,,0.17052187544677486
8.124375,8124.375000000001,8214.3135,0.0034210917,8.58404,0.042152245,,0.16243721066810737
8.154355,8154.3550000000005,8244.292,0.0039268187,10.158053,0.04868076,,0.1875953906512826
8.184334,8184.334,8274.271999999999,0.0038375722,9.875607,0.04046033,,0.15591727434472696
8.2143135,8214.3135,8304.251,0.0036293322,9.208723,0.043161664,,0.16632709142666224
8.244292,8244.292,8334.23,0.004045813,10.548934,0.041807305,,0.1611079554541121
8.274272,8274.271999999999,8364.21,0.0035103373,8.856386,0.040909424,,0.15764789573126956
8.304251,8304.251,8394.189,0.0036442068,9.247799,0.0442484,,0.17051491972792154
8.33423,8334.23,8424.169,0.0036293322,9.225527,0.04314323,,0.16625605446192984
8.364209,8364.209,8454.147,0.0034657149,8.69675,0.04123415,,0.15889925460127544
8.394189,8394.189,8484.127,0.0035698349,9.065843,0.046254825,,0.17824684670867327
8.424168,8424.168,8514.106,0.003525212,8.868571,0.046080533,,0.17757519787189682
8.454147,8454.147,8544.0855,0.0033169715,8.238242,0.043795694,,0.16877037919650464
8.484126,8484.126,8574.064,0.0036590807,9.265593,0.04078965,,0.15718633657895006
8.514106,8514.106,8604.044,0.0037185778,9.508807,0.041573063,,0.1602052842653932
8.5440855,8544.0855,8634.023,0.0034210917,8.491981,0.036374427,,0.14017190452206504
8.574064,8574.064,8664.002,0.0032872232,8.082649,0.044248547,,0.17051548620474782
8.604044,8604.044,8693.981000000002,0.0033169715,8.154709,0.047890082,,0.1845484466781529
8.634023,8634.023,8723.961,0.003049234,7.3505273,0.040898368,,0.15760529050819905
8.664002,8664.002,8753.94,0.0033913432,8.373094,0.038048133,,0.1466216709370798
8.693981,8693.981000000002,8783.919,0.0035698349,9.015366,0.04383482,,0.16892115451830778
8.723961,8723.961,8813.898,0.0032574742,8.014446,0.045049667,,0.17360266930046275
8.75394,8753.94,8843.878,0.0030492337,7.3441644,0.033681177,,0.12979323981199134
8.783919,8783.919,8873.857,0.0033913432,8.444451,0.046597477,,0.17956728492281462
8.813898,8813.898,8903.836,0.0034954634,8.796356,0.039947294,,0.15394024709950377
8.843878,8843.878,8933.814999999999,0.0027368735,6.3866706,0.03799622,,0.14642161983855792
8.873857,8873.857,8963.795,0.0034210922,8.531166,0.039569665,,0.15248502208296225
8.903836,8903.836,8993.773,0.0030343595,7.3675113,0.037625954,,0.14499476875992057
8.933815,8933.814999999999,9023.752999999999,0.0030938569,7.489201,0.03889271,,0.149876319226262
8.963795,8963.795,9053.732,0.0029897366,7.1891427,0.038205486,,0.147228043916983
8.993773,8993.773,9083.712,0.002959988,7.10047,0.041844606,,0.16125169798538488
9.023753,9023.752999999999,9113.69,0.0029153652,6.920372,0.03657184,,0.14093265207108938
9.053732,9053.732,9143.67,0.0029451137,7.0245466,0.042867754,,0.1651944845966473
9.083712,9083.712,9173.65,0.0030789825,7.4296894,0.048287604,,0.1860803310382672
9.11369,9113.69,9203.628999999999,0.0027814964,6.5562057,0.037044544,,0.14275425657238358
9.14367,9143.67,9233.608,0.0031236054,7.572897,0.03819527,,0.14718867570434843
9.173649,9173.649,9263.587,0.0033318459,8.208914,0.04504489,,0.17358426073040054
9.203629,9203.628999999999,9293.567,0.002811245,6.655656,0.03997752,,0.1540567255250219
9.233607,9233.607,9323.545,0.0028409935,6.6716466,0.039238118,,0.15120737791750016
9.263587,9263.587,9353.525,0.003197977,7.79587,0.03795003,,0.1462436228004225
9.293566,9293.566,9383.504,0.0028409937,6.6905923,0.031909175,,0.12296468151863572
9.323545,9323.545,9413.484,0.0028261193,6.65148,0.03339253,,0.12868091439379079
9.353524,9353.524,9443.462,0.002766622,6.4386787,0.040307663,,0.15532895925875542
9.383504,9383.504,9473.442000000001,0.0025286328,5.7268553,0.042644903,,0.1643357095815894
9.413484,9413.484,9503.421,0.0024988847,5.5858207,0.036694366,,0.14140481628617022
9.443462,9443.462,9533.401,0.002766622,6.4339843,0.03959598,,0.15258642914203424
9.473442,9473.442000000001,9563.378999999999,0.0028707422,6.8164606,0.045547113,,0.17551961917342937
9.503421,9503.421,9593.359,0.0026030047,5.9553833,0.032280307,,0.12439486980088917
9.533401,9533.401,9623.338,0.0028558678,6.777067,0.03969585,,0.15297128656135847
9.563379,9563.378999999999,9653.317,0.003049234,7.3856626,0.046586946,,0.17952670283126657
9.593359,9593.359,9683.296,0.0024393874,5.3975697,0.036759898,,0.1416573493431759
9.623338,9623.338,9713.276,0.0027219988,6.2988944,0.03856361,,0.14860810478048636
9.653317,9653.317,9743.255,0.003049234,7.324663,0.038136568,,0.1469624626250536
9.683296,9683.296,9773.234,0.0026030047,5.9434447,0.042526357,,0.16387888263024053
9.713276,9713.276,9803.213,0.0027814964,6.479473,0.031943627,,0.12309744518951347
9.743255,9743.255,9833.193,0.0026327532,5.9951763,0.03115677,,0.12006522576028318
9.773234,9773.234,9863.172,0.0027814964,6.529024,0.036136016,,0.13925316774226612
9.803213,9803.213,9893.151,0.0023650154,5.190929,0.035225864,,0.13574582069197264
9.833193,9833.193,9923.130000000001,0.0023203925,5.03008,0.031610027,,0.12181188961640269
9.863172,9863.172,9953.11,0.0025435074,5.7307463,0.036362663,,0.14012657096162717
9.893151,9893.151,9983.0885,0.0024840098,5.565645,0.03235216,,0.12467176136142491
9.92313,9923.130000000001,10013.068000000001,0.002335267,5.1494484,0.03437378,,0.1324622435488116
9.95311,9953.11,10043.048,0.0024988845,5.612484,0.034572378,,0.13322755759470084
9.9830885,9983.0885,10073.027,0.0023650157,5.177608,0.037323996,,0.1438311482870627
10.013068,10013.068000000001,10103.006000000001,0.0023501413,5.19422,0.041078627,,0.1582999336798219
10.043047,10043.047,10132.985,0.0024542613,5.442672,0.029353341,,0.1131155608872029
10.073027,10073.027,10162.965,0.0024096381,5.334564,0.036477033,,0.14056730534680903
10.103005,10103.005,10192.944000000001,0.0026327532,6.0705533,0.029636685,,0.11420745075023496
10.132985,10132.985,10222.922999999999,0.0021567752,4.5722713,0.036488242,,0.14061050016820892
10.162964,10162.964,10252.902,0.0024393871,5.39187,0.034147177,,0.1315890098871401
10.192944,10192.944000000001,10282.882000000001,0.002097278,4.3128996,0.029771762,,0.11472798129624541
10.222922,10222.922,10312.860499999999,0.0023798898,5.2677016,0.0381767,,0.1471171146522121
10.252902,10252.902,10342.84,0.0023055181,4.969492,0.031169917,,0.12011588882718871
10.282882,10282.882000000001,10372.819,0.0021270267,4.4103637,0.035697144,,0.13756193768986125
10.3128605,10312.860499999999,10402.798999999999,0.002424513,5.3711214,0.03203946,,0.12346674569082618
10.34284,10342.84,10432.777,0.0021716496,4.567105,0.042152256,,0.16243725305752973
10.372819,10372.819,10462.757,0.0023055184,4.9662323,0.039176777,,0.15097099523041926
10.402799,10402.798999999999,10492.736,0.0021716496,4.583233,0.038600016,,0.1487483983542114
10.432777,10432.777,10522.716,0.002573256,5.840841,0.040258072,,0.15513785618193845
10.462757,10462.757,10552.694000000001,0.0024542615,5.475518,0.027208325,,0.1048495618667839
10.492736,10492.736,10582.674,0.002424513,5.387661,0.024374856,,0.0939305514825315
10.522716,10522.716,10612.653,0.0023798898,5.25114,0.046776287,,0.18025634425143552
10.552694,10552.694000000001,10642.6325,0.0019782835,3.9493628,0.040921807,,0.15769561466011195
10.582674,10582.674,10672.610999999999,0.0018592891,3.6037073,0.03136336,,0.12086133764831962
10.612653,10612.653,10702.591,0.002662502,6.159045,0.027102325,,0.10444108197844536
10.6426325,10642.6325,10732.570000000002,0.0023650157,5.1795144,0.031875417,,0.12283459223495147
10.672611,10672.610999999999,10762.548999999999,0.0021121525,4.409647,0.042120177,,0.1623136339411334
10.702591,10702.591,10792.528,0.0019187861,3.785771,0.03488568,,0.13443489312277865
10.73257,10732.570000000002,10822.508,0.0020229062,4.132333,0.030070722,,0.11588004872471422
10.762549,10762.548999999999,10852.488,0.0023055181,4.9998155,0.029557781,,0.113903387569957
10.792528,10792.528,10882.466,0.0020675294,4.3089323,0.037658125,,0.14511874240603131
10.822508,10822.508,10912.446,0.001993158,4.0153656,0.03354224,,0.1292578344323112
10.852487,10852.487,10942.425,0.0019336606,3.821731,0.031036755,,0.11960273789425534
10.882466,10882.466,10972.4045,0.002231147,4.731052,0.03594549,,0.13851895982523224
10.912445,10912.445,11002.383,0.002141901,4.4686913,0.031729158,,0.12227097091430515
10.942425,10942.425,11032.363,0.0020229062,4.1136527,0.024971358,,0.09622922195756663
10.972404,10972.403999999999,11062.341999999999,0.002097278,4.3366084,0.03150474,,0.1214061573333508
11.002383,11002.383,11092.321,0.001993158,3.9865782,0.032985814,,0.12711360018373888
11.032362,11032.362,11122.3,0.0018146659,3.4398096,0.028731588,,0.11071958356631457
11.062342,11062.341999999999,11152.279999999999,0.0020377808,4.17507,0.03321244,,0.127986922477839
11.092321,11092.321,11182.259,0.0021270264,4.4401793,0.030540602,,0.11769077070520968
11.1223,11122.3,11212.238,0.0019634091,3.8668616,0.021960318,,0.08462592683508625
11.15228,11152.279999999999,11242.217,0.0020377808,4.1667633,0.03236494,,0.12472101016305669
11.182259,11182.259,11272.197,0.0019782833,3.9490557,0.0380781,,0.1467371512843802
11.212238,11212.238,11302.175500000001,0.0016213,2.8590212,0.030323692,,0.11685488983181802
11.242217,11242.217,11332.155,0.0019336606,3.857552,0.027109541,,0.10446888943952319
11.272197,11272.197,11362.134,0.0021270264,4.4261246,0.032425035,,0.12495259128465766
11.3021755,11302.175500000001,11392.114,0.001903912,3.7506986,0.02972468,,0.11454654686131374
11.332155,11332.155,11422.091999999999,0.0017254201,3.1655023,0.027159285,,0.10466058211466954
11.362134,11362.134,11452.072,0.002008032,4.007707,0.035533994,,0.13693322548436657
11.392114,11392.114,11482.051,0.0018741633,3.6191847,0.036879882,,0.14211971774810433
11.422092,11422.091999999999,11512.031,0.0016361744,2.8635774,0.031653367,,0.12197890394055923
11.452072,11452.072,11542.009,0.0020675294,4.259137,0.03664801,,0.14122617955311528
11.482051,11482.051,11571.989,0.0021121523,4.4261117,0.031155117,,0.12005885578617541
11.512031,11512.031,11601.967999999999,0.002008032,4.1065083,0.036749486,,0.14161722582810624
11.542009,11542.009,11631.9475,0.0019485349,3.841354,0.01987511,,0.07659040295770267
11.571989,11571.989,11661.927,0.0018890378,3.6326993,0.030555423,,0.1177478846714839
11.601968,11601.967999999999,11691.905999999999,0.002097278,4.3124256,0.033008788,,0.12720213241916045
11.6319475,11631.9475,11721.886,0.001576677,2.7468271,0.028378401,,0.10935854784628977
11.661926,11661.926,11751.864,0.0018444146,3.5502634,0.026661344,,0.10274172471769608
11.691906,11691.905999999999,11781.844,0.0018741632,3.6520581,0.04097693,,0.15790803576279958
11.721885,11721.885,11811.823,0.0017551689,3.265942,0.035522137,,0.13688753354063043
11.751864,11751.864,11841.803,0.0016807972,2.9970834,0.040880192,,0.15753524776810057
11.781843,11781.843,11871.781,0.0020675296,4.2677927,0.02389934,,0.09209811070344476
11.811823,11811.823,11901.761,0.0019485349,3.8508983,0.03696668,,0.14245420111931195
11.841802,11841.802,11931.74,0.0020377808,4.1191144,0.02711992,,0.1045088857863257
11.871781,11871.781,11961.7195,0.0016659229,2.9578884,0.029477252,,0.1135930623159191
11.90176,11901.76,11991.698,0.0019336606,3.825372,0.03240245,,0.12486555809335459
11.93174,11931.74,12021.678,0.0016956716,3.1059787,0.023377389,,0.09008672875817873
11.9617195,11961.7195,12051.657000000001,0.0016956715,3.044395,0.03265242,,0.12582883844890166
11.991698,11991.698,12081.636,0.0018592891,3.5877855,0.024472646,,0.09430739344744309
12.021678,12021.678,12111.615,0.0015915514,2.7434852,0.039113298,,0.15072637358106222
12.051657,12051.657000000001,12141.595000000001,0.0018444146,3.544868,0.033001117,,0.12717257157742987
12.081636,12081.636,12171.574,0.0016361742,2.8860283,0.029209021,,0.1125594116656461
12.111615,12111.615,12201.553,0.0019336604,3.801694,0.030285226,,0.11670665787535735
12.141595,12141.595000000001,12231.532,0.0017105459,3.1435575,0.016311957,,0.0628594940938047
12.171574,12171.574,12261.512,0.0016956716,3.0588155,0.016285123,,0.0627560870247134
12.201553,12201.553,12291.491,0.0017849174,3.3584852,0.023383785,,0.09011137628049774
12.231532,12231.532,12321.47,0.0013535623,1.9581571,0.020056775,,0.07729046426822175
12.261512,12261.512,12351.449,0.0013684367,2.0467544,0.026279062,,0.10126856897549004
12.291491,12291.491,12381.429,0.0015915515,2.7529297,0.036422685,,0.14035787077160694
12.32147,12321.47,12411.407000000001,0.0014874312,2.384139,0.028406637,,0.10946735763994192
12.351449,12351.449,12441.387,0.0016064257,2.79396,0.02766125,,0.10659494633306446
12.381429,12381.429,12471.366,0.0017997916,3.3887167,0.034628358,,0.13344328121874982
12.411407,12411.407000000001,12501.346,0.0016064256,2.779257,0.03998534,,0.1540868605507465
12.441387,12441.387,12531.325,0.0016212999,2.8406203,0.03339694,,0.12869790869857922
12.471366,12471.366,12561.304,0.0019187863,3.7684412,0.029486107,,0.11362718580093079
12.501346,12501.346,12591.284,0.0019336608,3.8246117,0.023789363,,0.09167430511212579
12.531324,12531.324,12621.263,0.0017551687,3.2528098,0.03322419,,0.12803220208810293
12.561304,12561.304,12651.242,0.001665923,2.9865856,0.03484647,,0.13428379409993188
12.591283,12591.283000000001,12681.221000000001,0.0015023055,2.4791994,0.023673706,,0.09122861116452605
12.621263,12621.263,12711.201000000001,0.0016510484,2.9475572,0.029920032,,0.11529935217401859
12.651241,12651.241,12741.179,0.0017402944,3.2109537,0.021960564,,0.08462687481671391
12.681221,12681.221000000001,12771.159000000001,0.0014428082,2.246717,0.029998593,,0.11560209357503524
12.7112,12711.2,12801.137999999999,0.00172542,3.1560152,0.030855805,,0.1189054318961906
12.741179,12741.179,12831.118,0.0014428082,2.2965517,0.036428988,,0.1403821599106277
12.771158,12771.158,12861.096,0.0016361742,2.8616543,0.03279869,,0.12639250215897033
12.801138,12801.137999999999,12891.076,0.0016510487,2.9171212,0.028874168,,0.11126902755196845
12.831118,12831.118,12921.055,0.0017849174,3.3507192,0.02371576,,0.0913906697798486
12.861096,12861.096,12951.035,0.0016956716,3.0635402,0.022340737,,0.08609190335057554
12.891076,12891.076,12981.013,0.0014874311,2.438959,0.030151883,,0.11619280944374673
12.921055,12921.055,13010.992999999999,0.0014428083,2.277278,0.03138997,,0.12096388151462802
12.951035,12951.035,13040.972,0.0014874311,2.400875,0.032998867,,0.1271639010137623
12.981013,12981.013,13070.951000000001,0.0015766772,2.6998148,0.033260193,,0.1281709426675355
13.010993,13010.992999999999,13100.93,0.0016212999,2.872823,0.020329347,,0.07834084332599739
13.040972,13040.972,13130.91,0.0016510484,2.9523249,0.02996145,,0.1154589599100111
13.070951,13070.951000000001,13160.889,0.0017700432,3.3230524,0.01169483,,0.045067008042814855
13.10093,13100.93,13190.868,0.001383311,2.0601501,0.0208182,,0.0802246793529216
13.13091,13130.91,13220.847,0.001472557,2.3358567,0.032921188,,0.12686455847370331
13.160889,13160.889,13250.827,0.0011304477,1.290619,0.026172806,,0.1008591025696853
13.190868,13190.868,13280.806,0.0014130595,2.1724157,0.029734522,,0.1145844738335876
13.220847,13220.847,13310.785,0.0016361743,2.856345,0.025376141,,0.09778908719003217
13.250827,13250.827,13340.765,0.0014874312,2.4510884,0.020007685,,0.07710129183691479
13.280806,13280.806,13370.744,0.0015320542,2.5289028,0.010129101,,0.03903334005141451
13.310785,13310.785,13400.723,0.0014874312,2.3996356,0.01589284,,0.061244391590401015
13.340764,13340.764,13430.702,0.0013089394,1.8314985,0.024448963,,0.09421612902107024
13.370744,13370.744,13460.682,0.0010858248,1.1628487,0.014892484,,0.05738943586229911
13.4007225,13400.7225,13490.661,0.001234568,1.6150528,0.020507468,,0.0790272475353441
13.430702,13430.702,13520.64,0.0014874312,2.440952,0.024071071,,0.09275989051197558
13.460681,13460.680999999999,13550.618999999999,0.0012048192,1.5147884,0.019227788,,0.07409589335129615
13.490661,13490.661,13580.599,0.0013089395,1.8778261,0.016185118,,0.06237070937156909
13.520639,13520.639,13610.578,0.0014130598,2.1989362,0.028210942,,0.10871323054797576
13.550619,13550.618999999999,13640.556999999999,0.0012048194,1.5288712,0.020925492,,0.08063813807159727
13.580598,13580.598,13670.536,0.0012196936,1.549685,0.022350851,,0.08613087849765722
13.610578,13610.578,13700.516,0.0015023056,2.4394846,0.031037778,,0.11960668011053618
13.640556,13640.556,13730.4945,0.0013386881,1.9302843,0.02280631,,0.08788602794541937
13.670536,13670.536,13760.474,0.0013981853,2.152375,0.019988317,,0.07702665562486438
13.700516,13700.516,13790.453,0.0015171798,2.5588024,0.024452588,,0.09423009826253465
13.7304945,13730.4945,13820.432999999999,0.001427934,2.1999686,0.030915625,,0.11913595328223223
13.760474,13760.474,13850.411,0.0012494422,1.6348588,0.03210433,,0.12371672767532167
13.790453,13790.453,13880.391,0.0013238138,1.8534999,0.015780056,,0.060809768989208805
13.820433,13820.432999999999,13910.37,0.0015766771,2.7575424,0.02046146,,0.07884995184946976
13.850411,13850.411,13940.35,0.0015171799,2.5121293,0.022045055,,0.08495246796997441
13.880391,13880.391,13970.328,0.0011750706,1.4030757,0.031843416,,0.12271127369809558
13.91037,13910.37,14000.308,0.0013238138,1.9344368,0.019713895,,0.07596914743696209
13.94035,13940.35,14030.287,0.0013238138,1.8826861,0.021723954,,0.08371507834143292
13.970328,13970.328,14060.2665,0.001427934,2.202733,0.00835241,,0.03218671230337569
14.000308,14000.308,14090.244999999999,0.0012791908,1.7426832,0.018430753,,0.07102445214561769
14.030287,14030.287,14120.225,0.0013386882,1.9535223,0.03524419,,0.13581644146964897
14.0602665,14060.2665,14150.205,0.0010412019,1.0071082,0.017821463,,0.06867650204027996
14.090245,14090.244999999999,14180.182999999999,0.0011899448,1.4767464,0.027889818,,0.10747575228700566
14.120225,14120.225,14210.163,0.0015171798,2.5178766,0.026188426,,0.10091929554945747
14.150204,14150.204,14240.142,0.0012643165,1.7112107,0.020200746,,0.07784526858901411
14.180183,14180.182999999999,14270.122000000001,0.0013089394,1.8101747,0.033057515,,0.1273899059995291
14.210162,14210.162,14300.1,0.0013089394,1.8180542,0.027536947,,0.10611593429947817
14.240142,14240.142,14330.08,0.0012940652,1.8006363,0.01595849,,0.06149737937030127
14.270121,14270.121,14360.059,0.0014576825,2.3252974,0.014813082,,0.05708345359726272
14.3001,14300.1,14390.038499999999,0.001338688,1.9118152,0.0281142,,0.10834042713894133
14.330079,14330.079,14420.017,0.0012196936,1.584425,0.01799308,,0.06933784254025165
14.360059,14360.059,14449.997,0.0011601964,1.3678161,0.030750182,,0.11849840480896436
14.390038,14390.038,14479.976,0.0014576825,2.3178053,0.03340821,,0.12874133858859407
14.420017,14420.017,14509.955,0.0011750706,1.4376559,0.009121083,,0.03514885816383666
14.449996,14449.996000000001,14539.934000000001,0.0014130597,2.1759953,0.016153835,,0.06225015770791914
14.479976,14479.976,14569.914,0.0014576825,2.314642,0.02398238,,0.09241811230653564
14.509955,14509.955,14599.893,0.0011304478,1.2849488,0.020208258,,0.07787421671091223
14.539934,14539.934000000001,14629.872000000001,0.0010412018,0.99800736,0.014196045,,0.054705649777821615
14.569914,14569.914,14659.851,0.0013386881,1.9385058,0.027555315,,0.10618671692767631
14.599893,14599.893,14689.831,0.0012048193,1.512125,0.019411368,,0.0748033342748923
14.629872,14629.872000000001,14719.810000000001,0.0010263275,0.93857694,0.015099893,,0.05818870383551054
14.659851,14659.851,14749.789,0.0014130595,2.1799452,0.017654764,,0.06803411346569366
14.689831,14689.831,14779.768,0.0011750706,1.4442035,0.034167208,,0.1316662010252845
14.71981,14719.810000000001,14809.748000000001,0.0011899449,1.4687023,0.013488275,,0.05197819873471427
14.749789,14749.789,14839.726,0.0011601964,1.3800555,0.032796945,,0.12638577765514816
14.779768,14779.768,14869.706,0.001532054,2.543028,0.017208368,,0.06631388904838444
14.809748,14809.748000000001,14899.685,0.001145322,1.3508525,0.016771285,,0.06462955305749123
14.839726,14839.726,14929.665,0.0014576825,2.3180323,0.014843189,,0.05719947344630242
14.869706,14869.706,14959.643,0.0011601964,1.3578117,0.013678571,,0.05271152032746214
14.899685,14899.685,14989.623,0.0011304477,1.2760932,0.019701924,,0.0759230161846668
14.929665,14929.665,15019.603,0.0010858248,1.1618978,0.005522513,,0.02128146692064353
14.959643,14959.643,15049.581999999999,0.0011155733,1.2209669,0.019422002,,0.07484431328557715
14.989623,14989.623,15079.561,0.0012345678,1.5939767,0.03136633,,0.12087278279236079
15.019602,15019.602,15109.54,0.0010412019,0.9878488,0.031741213,,0.12231742586764402
15.049582,15049.581999999999,15139.519999999999,0.0012940652,1.8069005,0.019585319,,0.07547366903957514
15.07956,15079.560000000001,15169.498000000001,0.001383311,2.0545938,0.01819348,,0.07011010074424265
15.10954,15109.54,15199.478,0.0013386881,1.9511547,0.012371678,,0.04767529856604291
15.139519,15139.519,15229.457,0.0011304477,1.2839515,0.020846244,,0.08033274925847411
15.169498,15169.498000000001,15259.437,0.0011899449,1.4647241,0.028437857,,0.10958766652780919
15.199477,15199.477,15289.415,0.0010114531,0.9110478,0.01933419,,0.07450592238034333
15.229457,15229.457,15319.395,0.001294065,1.8015031,0.019145623,,0.073779263634076
15.259436,15259.436000000002,15349.374,0.0012791908,1.7164781,0.009410944,,0.03626586183283384
15.289415,15289.415,15379.354,0.0011601964,1.367321,0.010476223,,0.04037100378537541
15.319394,15319.394,15409.331999999999,0.0011304477,1.2401098,0.008180615,,0.031524685865478325
15.349374,15349.374,15439.312,0.0010114531,0.8984755,0.02047983,,0.07892074218483561
15.379354,15379.354,15469.291,0.000996579,0.87084806,0.031166527,,0.12010282517792958
15.409332,15409.331999999999,15499.269999999999,0.0010263275,0.9440105,0.020668596,,0.07964816779428953
15.439312,15439.312,15529.249,0.0011601964,1.3424487,0.015942153,,0.06143442337090706
15.469291,15469.291,15559.229,0.0013535623,1.954107,0.012122032,,0.04671326677166397
15.49927,15499.269999999999,15589.207999999999,0.0011899449,1.4228376,0.0145115685,,0.05592154604242718
15.529249,15529.249,15619.187,0.0010858248,1.1275649,0.012494127,,0.04814716605516713
15.559229,15559.229,15649.166,0.0011304476,1.306703,0.019352801,,0.07457764142941756
15.589208,15589.207999999999,15679.145999999999,0.0010263275,0.9982688,0.0011429539,,0.004404468692906747
15.619187,15619.187,15709.125,0.0009668302,0.74578446,0.019118452,,0.0736745579072265
15.649166,15649.166,15739.104,0.0012196935,1.5556712,0.030411698,,0.11719402833231919
15.679146,15679.145999999999,15769.083,0.0009222073,0.59548306,0.022693373,,0.08745081574589775
15.709125,15709.125,15799.063,0.0010709505,1.0838372,0.033105362,,0.1275742884261077
15.739104,15739.104,15829.042,0.0012643165,1.7023828,0.019150913,,0.0737996490926544
15.769083,15769.083,15859.021,0.0011899449,1.4681195,0.020486584,,0.07894676929017369
15.799063,15799.063,15889.001,0.0013238138,1.9112884,0.015422259,,0.05943096824762513
15.8290415,15829.041500000001,15918.98,0.0011155733,1.2466543,0.009433382,,0.03635232854731064
15.859021,15859.021,15948.959,0.0010709505,1.0645374,0.014199253,,0.05471801207481964
15.889,15889.0,15978.938,0.0010263275,0.9227472,0.015750162,,0.060694569953529634
15.91898,15918.98,16008.917,0.0010114532,0.91189194,0.019904338,,0.07670303550653625
15.948958,15948.957999999999,16038.896999999999,0.0010858248,1.1466688,0.016469087,,0.06346500772450883
15.978938,15978.938,16068.876,0.0010560761,1.0528077,0.01415235,,0.05453726743139753
16.008917,16008.917,16098.856000000002,0.001145322,1.3330379,0.033041675,,0.12732886523130943
16.038897,16038.896999999999,16128.834,0.0010858247,1.1392504,0.027517943,,0.10604270079195001
16.068876,16068.876,16158.812999999998,0.0010412018,1.0193536,0.026469402,,0.1020020601259274
16.098854,16098.854,16188.793,0.0013535625,2.0077376,0.038880277,,0.14982840761822697
16.128834,16128.834,16218.773,0.0012048192,1.4623404,0.012904829,,0.04972984065045412
16.158813,16158.812999999998,16248.750000000002,0.0011601964,1.3768548,0.021723736,,0.08371423826015313
16.188793,16188.793,16278.73,0.0013089395,1.8554186,0.026866805,,0.10353348590956331
16.218773,16218.773,16308.710000000001,0.0009965788,0.8558857,0.024219176,,0.09333062554841313
16.24875,16248.750000000002,16338.69,0.0012196936,1.5583706,0.0050424077,,0.019431340889183645
16.27873,16278.73,16368.668,0.0011899449,1.5131876,0.013909583,,0.05360174444033823
16.30871,16308.710000000001,16398.647,0.0012196936,1.541658,0.03067558,,0.11821091974641876
16.33869,16338.69,16428.627,0.00086271006,0.4343418,0.020333953,,0.07835859293322085
16.368668,16368.668,16458.607,0.0010114531,0.8870814,0.00877408,,0.03381165300635417
16.398647,16398.647,16488.585,0.0012494422,1.657379,0.016051622,,0.06185627134162907
16.428627,16428.627,16518.564000000002,0.0010412018,1.0204525,0.009832831,,0.037891638763508255
16.458607,16458.607,16548.543999999998,0.0010114532,0.9056541,0.014039508,,0.05410242132234187
16.488585,16488.585,16578.524,0.0010114531,0.89888966,0.03296496,,0.12703323754608403
16.518564,16518.564000000002,16608.501,0.00090733304,0.5794347,0.011398534,,0.043925206561728436
16.548544,16548.543999999998,16638.481,0.0010263276,0.9285209,0.014865559,,0.05728567811707727
16.578524,16578.524,16668.46,0.0013386881,1.9161782,0.013529919,,0.05213867738065739
16.608501,16608.501,16698.440000000002,0.0009817047,0.82214314,0.010323034,,0.03978067712863301
16.638481,16638.481,16728.42,0.0010114532,0.9136628,0.023200223,,0.08940400472141093
16.66846,16668.46,16758.398,0.0010858248,1.1768774,0.017330116,,0.06678305517522823
16.69844,16698.440000000002,16788.378,0.00093708164,0.6920748,0.0056203213,,0.021658379406139603
16.728418,16728.418,16818.357,0.0011453221,1.3323442,0.02671745,,0.10295793389331044
16.758398,16758.398,16848.337,0.0010263275,0.90946853,0.011728543,,0.04519692391522577
16.788378,16788.378,16878.315000000002,0.0009519559,0.71420926,0.022359403,,0.08616383434676166
16.818357,16818.357,16908.295,0.0011304478,1.3159266,0.009733726,,0.037509729335830966
16.848335,16848.335,16938.274,0.0009817046,0.8275564,0.019614942,,0.07558782375403036
16.878315,16878.315000000002,16968.254,0.0011006991,1.1594884,0.01793249,,0.06910435389464378
16.908295,16908.295,16998.232,0.0010412018,0.96720546,0.0042002266,,0.01618592540155307
16.938274,16938.274,17028.212,0.0010858248,1.1560563,0.01660815,,0.06400089865575433
16.968252,16968.252,17058.191000000003,0.0011304477,1.2751994,0.0072790715,,0.028050512391776913
16.998232,16998.232,17088.171,0.0009519559,0.70279044,0.0012543345,,0.004833683174520719
17.028212,17028.212,17118.148999999998,0.0010114532,0.88836265,0.014213026,,0.05477108748521668
17.058191,17058.191000000003,17148.129,0.00090733304,0.5522947,0.014323096,,0.0551952514598339
17.088171,17088.171,17178.108,0.00080321287,0.24016732,0.00833137,,0.032105632899124346
17.118149,17118.148999999998,17208.088,0.0010263275,0.9542443,0.020122465,,0.07754360619147609
17.148129,17148.129,17238.066,0.0009519559,0.70049816,0.0018325257,,0.007061791446354066
17.178108,17178.108,17268.045000000002,0.0010114531,0.8820809,0.0071186465,,0.027432301202279623
17.208088,17208.088,17298.024999999998,0.0010858248,1.1289047,0.0038613533,,0.014880048724714228
17.238066,17238.066,17328.005,0.0008924586,0.5150472,0.0010038877,,0.003868565430192906
17.268045,17268.045000000002,17357.983,0.000996579,0.83475125,-0.0021723565,,-0.008371357929731439
17.298025,17298.024999999998,17387.962000000003,0.0009073329,0.53258276,0.022471856,,0.08659718141169877
17.328005,17328.005,17417.942,0.0007883385,0.19379598,0.0058213198,,0.02243294398006618
17.357983,17357.983,17447.922,0.0007139669,-0.067472935,0.035322115,,0.1361167319913356
17.387962,17387.962000000003,17477.900999999998,0.001145322,1.3506048,-0.0043356987,,-0.016707978498543535
17.417942,17417.942,17507.88,0.0009817046,0.7991703,0.001888372,,0.007276999846242003
17.447922,17447.922,17537.859,0.0012791909,1.7554832,0.020206533,,0.07786756927876709
17.4779,17477.9,17567.839,0.0007734642,0.1222784,0.019958526,,0.076911853508322
17.50788,17507.88,17597.818,0.0008924587,0.5423431,0.0005740398,,0.002212110503829113
17.537859,17537.859,17627.796,0.0010263275,0.9714757,0.007829287,,0.030170813957834854
17.567839,17567.839,17657.775999999998,0.0011899449,1.468814,0.0054068416,,0.02083571748143632
17.597816,17597.816000000003,17687.756,0.00078833854,0.2045253,0.008448448,,0.032556802789378135
17.627796,17627.796,17717.735,0.0008627102,0.4406793,0.043913327,,0.16922368782579641
17.657776,17657.775999999998,17747.713,0.0009668302,0.7803377,0.021383762,,0.08240411994356811
17.687756,17687.756,17777.693,0.0009222072,0.6255077,0.0049668173,,0.019140046944358485
17.717733,17717.733,17807.673000000003,0.0013089395,1.8178622,0.016560636,,0.06381779947259851
17.747713,17747.713,17837.652,0.0010560761,1.0157751,0.01883278,,0.07257369690098639
17.777693,17777.693,17867.629999999997,0.0007883384,0.17906398,0.0148564745,,0.0572506702345715
17.807673,17807.673000000003,17897.61,0.000996579,0.86635196,0.011773389,,0.045369741736663804
17.83765,17837.65,17927.59,0.0010412018,1.000713,0.010298379,,0.039685667018755776
17.86763,17867.629999999997,17957.57,0.0010858248,1.0992961,0.0076853316,,0.029616069752950593
17.89761,17897.61,17987.547,0.0010412019,0.9878394,0.01280758,,0.04935508347440661
17.92759,17927.59,18017.527000000002,0.00090733304,0.5774114,0.021382628,,0.08239974997947966
17.95757,17957.57,18047.505999999998,0.00083296135,0.3409542,0.026856042,,0.10349200978656155
17.987547,17987.547,18077.486,0.0009817047,0.82233703,0.0045133606,,0.017392613527543684
18.017527,18017.527000000002,18107.464,0.0010412018,0.9661754,0.020940337,,0.08069534452388392
18.047506,18047.505999999998,18137.444,0.0011304478,1.278872,-0.0024402207,,-0.009403595085447441
18.077486,18077.486,18167.423,0.00086271006,0.41172877,0.004293111,,0.016543863225519047
18.107464,18107.464,18197.403000000002,0.0011601963,1.3881193,0.015812704,,0.060935580794817076
18.137444,18137.444,18227.38,0.00074371556,0.016107969,0.028586106,,0.11015895648032147
18.167423,18167.423,18257.359999999997,0.0009222073,0.6089993,0.023748241,,0.09151583803695355
18.197403,18197.403000000002,18287.34,0.0010263276,0.93081164,0.018090222,,0.06971218738282696
18.22738,18227.38,18317.32,0.0011304477,1.2947004,-5.780947e-05,,-0.0002227736400991604
18.25736,18257.359999999997,18347.3,0.0010263275,0.98162663,0.018376013,,0.07081350696554549
18.28734,18287.34,18377.277,0.0010560763,1.0324371,0.031703804,,0.1221732671493152
18.31732,18317.32,18407.257,0.00086271006,0.43183497,0.0074532917,,0.028721884541232767
18.347298,18347.298,18437.237,0.0009817046,0.80751795,0.006254105,,0.02410071803827919
18.377277,18377.277,18467.216,0.001145322,1.318772,0.016132053,,0.06216621894444943
18.407257,18407.257,18497.194,0.0008924587,0.52826965,0.00034416592,,0.0013262722318069416
18.437237,18437.237,18527.174,0.0009073329,0.58999515,0.007250706,,0.0279412035590159
18.467215,18467.215,18557.154000000002,0.00093708164,0.6733392,0.008158097,,0.031437910864293345
18.497194,18497.194,18587.133,0.0007734643,0.1293917,0.01806804,,0.06962670718581634
18.527174,18527.174,18617.111,0.0009817047,0.81382823,0.02496915,,0.09622071324442086
18.557154,18557.154000000002,18647.09,0.0008924588,0.5039777,0.006957906,,0.02681287420707695
18.587132,18587.132,18677.07,0.0009519559,0.71281606,-0.0009946871,,-0.00383311014660189
18.617111,18617.111,18707.05,0.0010709505,1.0974346,0.014635826,,0.056400382737948195
18.64709,18647.09,18737.028,0.0008924587,0.53941625,0.0134195695,,0.05171343632935348
18.67707,18677.07,18767.008,0.00083296146,0.3776983,0.000306092,,0.0011795511885030637
18.707048,18707.048,18796.987999999998,0.0009222073,0.63647366,0.030436136,,0.11728820221450048
18.737028,18737.028,18826.967,0.0009519559,0.7415965,0.0032239892,,0.012423912720950047
18.767008,18767.008,18856.945,0.00084783573,0.36968178,-0.006085664,,-0.02345161652062226
18.796988,18796.987999999998,18886.925000000003,0.0011304477,1.2845491,0.02090817,,0.08057138629210858
18.826967,18826.967,18916.904,0.0007437155,0.050541215,0.002050487,,0.007901723592449596
18.856945,18856.945,18946.884000000002,0.00072884123,0.011683689,0.010418562,,0.040148802286870795
18.886925,18886.925000000003,18976.862,0.0010858248,1.1177449,0.01842395,,0.07099823621467083
18.916904,18916.904,19006.842,0.0007734642,0.15653858,0.016434692,,0.06333246370791067
18.946884,18946.884000000002,19036.821,0.0009519559,0.7099529,0.0055323397,,0.02131933493308444
18.976862,18976.862,19066.801000000003,0.0010114532,0.8833084,0.020208096,,0.07787359243032815
19.006842,19006.842,19096.779000000002,0.00086271006,0.4407563,0.011453186,,0.04413581262642163
19.036821,19036.821,19126.759,0.00087758445,0.47903702,0.031246819,,0.12041223713259448
19.066801,19066.801000000003,19156.738,0.0010560761,1.0594705,0.0027148675,,0.010461969558999716
19.096779,19096.779000000002,19186.718,0.000996579,0.8323397,-0.0108215725,,-0.0417018370419582
19.126759,19126.759,19216.698,0.0011155733,1.2433177,0.031548947,,0.12157651271470724
19.156738,19156.738,19246.675,0.0008924587,0.5166674,0.016192708,,0.06239995807300768
19.186718,19186.718,19276.655000000002,0.0007585899,0.12037073,0.016816147,,0.06480243253627088
19.216696,19216.696,19306.635,0.0011750706,1.4505106,0.014798343,,0.0570266556248644
19.246675,19246.675,19336.614999999998,0.000996579,0.8429761,0.0022657616,,0.008731302314809283
19.276655,19276.655000000002,19366.592,0.0009668302,0.7842319,0.013730994,,0.052913536753748665
19.306635,19306.635,19396.572,0.0009817046,0.80460465,0.0119365845,,0.045998629280223746
19.336613,19336.613,19426.552,0.0008032128,0.20760803,0.004583591,,0.017663252262920776
19.366592,19366.592,19456.532,0.0009519559,0.71051353,0.0023600725,,0.009094737276140496
19.396572,19396.572,19486.51,0.0008924587,0.4820479,0.014176654,,0.05463092493334263
19.426552,19426.552,19516.489,0.00086271006,0.44497734,-0.004327314,,-0.01667566735401757
19.45653,19456.530000000002,19546.468999999997,0.0007585899,0.11674365,0.0053361016,,0.02056311495972812
19.48651,19486.51,19576.448,0.0009370816,0.65358186,-0.0021245563,,-0.008187155850877094
19.516489,19516.489,19606.426,0.00078833854,0.21010123,0.031365987,,0.12087146101309947
19.546469,19546.468999999997,19636.406000000003,0.0007585899,0.10001933,-0.009883508,,-0.03808692683238875
19.576447,19576.447,19666.386,0.00077346415,0.15950353,-0.011027201,,-0.0424942437091207
19.606426,19606.426,19696.365,0.0011750706,1.4019555,0.001599954,,0.006165556898743615
19.636406,19636.406000000003,19726.343,0.00072884123,-0.021051314,0.004460969,,0.017190718103790116
19.666386,19666.386,19756.322999999997,0.000669344,-0.16571659,0.018032067,,0.06948808221389932
19.696365,19696.365,19786.303,0.0008329614,0.35890496,0.007970988,,0.030716870643282605
19.726343,19726.343,19816.282,0.00080321287,0.24721353,0.013997338,,0.05393991569129247
19.756323,19756.322999999997,19846.260000000002,0.000951956,0.7048396,0.005239893,,0.02019236705232049
19.786303,19786.303,19876.239999999998,0.0009370816,0.6872556,0.006374875,,0.024566115360115482
19.816282,19816.282,19906.22,0.0009668303,0.78185534,-0.017259926,,-0.06651257212463876
19.84626,19846.260000000002,19936.2,0.00080321287,0.25337976,-0.005357487,,-0.02064552539184204
19.87624,19876.239999999998,19966.177,0.00086271,0.4469309,-0.0067503825,,-0.02601316499851444
19.90622,19906.22,19996.157,0.0006544697,-0.20391414,0.008493844,,0.0327317400819349
19.9362,19936.2,,0.00072884123,0.01747535,,,
19.966177,19966.177,,0.00072884123,0.01710709,,,
19.996157,19996.157,,0.0008478358,0.37022513,,,
20.026136,20026.136000000002,,0.000669344,-0.18027307,,,
20.056116,20056.115999999998,,0.00080321287,0.27287245,,,
20.086094,20086.094,,0.0007883385,0.21869728,,,
20.116074,20116.074,,0.0008627101,0.42698205,,,
20.146053,20146.053,,0.000951956,0.693235,,,
20.176033,20176.033,,0.00093708164,0.63548034,,,
20.20601,20206.01,,0.0009668303,0.7601491,,,
20.23599,20235.99,,0.00080321275,0.2192344,,,
20.26597,20265.97,,0.0009073329,0.58451676,,,
20.29595,20295.95,,0.0007883385,0.17980996,,,
20.325928,20325.928,,0.0009073329,0.5622562,,,
20.355907,20355.907,,0.0008924587,0.51895815,,,
20.385887,20385.887,,0.00086271006,0.42797756,,,
20.415867,20415.867,,0.00093708164,0.6707995,,,
20.445845,20445.844999999998,,0.0008180871,0.28073412,,,
20.475824,20475.824,,0.0008924587,0.5105019,,,
20.505804,20505.804,,0.0009817046,0.79101336,,,
20.535784,20535.784,,0.00084783573,0.35543588,,,
20.565763,20565.763,,0.00080321287,0.2720997,,,
20.595741,20595.741,,0.0009668304,0.7998736,,,
20.625721,20625.720999999998,,0.0010263275,0.9538521,,,
20.6557,20655.7,,0.0006247212,-0.33217123,,,
20.68568,20685.68,,0.0008924586,0.5352126,,,
20.715658,20715.658,,0.00071396696,-0.046833023,,,
20.745638,20745.638,,0.0009222073,0.643756,,,
20.775618,20775.618000000002,,0.0007734642,0.16366667,,,
20.805597,20805.596999999998,,0.0009668303,0.77210957,,,
20.835575,20835.574999999997,,0.0007437156,0.065696254,,,
20.865555,20865.555,,0.00074371556,0.06495024,,,
20.895535,20895.535,,0.00093708164,0.68175215,,,
20.925514,20925.514,,0.0007883385,0.19208981,,,
20.955492,20955.492,,0.00080321287,0.22881031,,,
20.985472,20985.472,,0.00086271,0.41492456,,,
21.015451,21015.450999999997,,0.00090733304,0.5760267,,,
21.045431,21045.431,,0.00072884123,0.02088087,,,
21.075409,21075.409,,0.0008924587,0.5308142,,,
21.105389,21105.389,,0.0010114531,0.8926311,,,
21.135368,21135.368,,0.0009222073,0.63214123,,,
21.165348,21165.348,,0.00069909263,-0.09049888,,,
21.195326,21195.326,,0.0010858248,1.1527325,,,
21.225306,21225.306,,0.0008329614,0.32867247,,,
21.255285,21255.285,,0.00075858994,0.09599856,,,
21.285265,21285.265,,0.00080321287,0.21705607,,,
21.315243,21315.243,,0.0008924587,0.52359205,,,
21.345222,21345.221999999998,,0.0008032128,0.2353785,,,
21.375202,21375.202,,0.0007883386,0.20491369,,,
21.405182,21405.182,,0.0007288412,0.019155798,,,
21.435162,21435.161999999997,,0.0011601964,1.3732715,,,
21.46514,21465.140000000003,,0.00071396696,-0.051519945,,,
21.49512,21495.12,,0.000669344,-0.17029507,,,
21.525099,21525.099000000002,,0.0007288412,-0.0016794751,,,
21.555079,21555.078999999998,,0.0006395953,-0.27714592,,,
21.585056,21585.056,,0.000951956,0.7054536,,,
21.615036,21615.036,,0.00066934404,-0.17220311,,,
21.645016,21645.016,,0.00072884123,0.016750447,,,
21.674995,21674.995,,0.0009222073,0.6132928,,,
21.704973,21704.972999999998,,0.00080321287,0.25846192,,,
21.734953,21734.953,,0.00084783573,0.35301173,,,
21.764933,21764.933,,0.0008924587,0.534848,,,
21.794912,21794.912,,0.0009817047,0.8096738,,,
21.82489,21824.89,,0.00093708164,0.67364943,,,
21.85487,21854.87,,0.0008627102,0.4123871,,,
21.88485,21884.85,,0.0006395953,-0.30834025,,,
21.91483,21914.829999999998,,0.0008478358,0.4005607,,,
21.944807,21944.807,,0.00080321287,0.24657962,,,
21.974787,21974.787,,0.00086271,0.39488944,,,
22.004766,22004.766,,0.00077346415,0.12224683,,,
22.034746,22034.746,,0.0006395953,-0.28534964,,,
22.064724,22064.724,,0.00074371556,0.04772933,,,
22.094704,22094.704,,0.00086271006,0.40328074,,,
22.124683,22124.683,,0.00077346415,0.1477301,,,
22.154663,22154.663,,0.0008180871,0.29726198,,,
22.184643,22184.643,,0.0009668302,0.7763012,,,
22.21462,22214.62,,0.0008180871,0.27456057,,,
22.2446,22244.6,,0.0007883385,0.2206584,,,
22.27458,22274.58,,0.00087758445,0.492932,,,
22.30456,22304.559999999998,,0.0008478358,0.38119656,,,
22.334538,22334.537999999997,,0.0007734641,0.16314195,,,
22.364517,22364.517,,0.00077346415,0.13049525,,,
22.394497,22394.497000000003,,0.0008924587,0.5416923,,,
22.424477,22424.477,,0.00092220743,0.61964947,,,
22.454454,22454.453999999998,,0.0006842183,-0.124228515,,,
22.484434,22484.434,,0.0007585899,0.07412939,,,
22.514414,22514.413999999997,,0.00069909275,-0.08870979,,,
22.544394,22544.394,,0.0008478358,0.3861551,,,
22.574371,22574.371,,0.0007734642,0.16690458,,,
22.604351,22604.351000000002,,0.00080321287,0.25319377,,,
22.63433,22634.329999999998,,0.00075858994,0.07090468,,,
22.66431,22664.31,,0.00071396696,-0.03865172,,,
22.694288,22694.288,,0.0007734641,0.13601717,,,
22.724268,22724.268,,0.0006990926,-0.06898713,,,
22.754248,22754.248,,0.000669344,-0.19019787,,,
22.784227,22784.227000000003,,0.00083296146,0.33774906,,,
22.814205,22814.205,,0.00072884123,0.003051824,,,
22.844185,22844.185,,0.0008924587,0.53193676,,,
22.874165,22874.165,,0.0008627102,0.4500404,,,
22.904144,22904.144,,0.0007883385,0.18498954,,,
22.934122,22934.122,,0.0009519559,0.7265246,,,
22.964102,22964.102,,0.0007437156,0.06031957,,,
22.994081,22994.081000000002,,0.0007883385,0.17266218,,,
23.024061,23024.060999999998,,0.00075858994,0.08238763,,,
23.05404,23054.04,,0.00086271,0.43778116,,,
23.084019,23084.019,,0.0006842183,-0.12495165,,,
23.113998,23113.998,,0.00071396696,-0.026287211,,,
23.143978,23143.978,,0.00072884123,-0.0026372308,,,
23.173958,23173.958,,0.00074371556,0.049017258,,,
23.203936,23203.935999999998,,0.00086271006,0.43030217,,,
23.233915,23233.915,,0.0008180871,0.27080208,,,
23.263895,23263.895,,0.0009817046,0.7967954,,,
23.293875,23293.875,,0.0007883385,0.21947825,,,
23.323853,23323.853,,0.0006842183,-0.13301215,,,
23.353832,23353.832000000002,,0.0006395953,-0.26978323,,,
23.383812,23383.811999999998,,0.0007734642,0.13382812,,,
23.413792,23413.792,,0.0008924587,0.53887504,,,
23.44377,23443.77,,0.0007734642,0.14347337,,,
23.47375,23473.75,,0.000713967,-0.028499331,,,
23.503729,23503.729,,0.00066934404,-0.16392413,,,
23.533709,23533.709000000003,,0.00080321287,0.23851794,,,
23.563686,23563.686,,0.0007734642,0.15551803,,,
23.593666,23593.665999999997,,0.0010412019,0.9997831,,,
23.623646,23623.646,,0.000669344,-0.17553936,,,
23.653625,23653.625,,0.0009222073,0.6476605,,,
23.683603,23683.603000000003,,0.0007437155,0.056751117,,,
23.713583,23713.583,,0.00087758433,0.4915956,,,
23.743563,23743.563000000002,,0.00090733304,0.57382995,,,
23.773542,23773.541999999998,,0.0007734642,0.13408965,,,
23.80352,23803.52,,0.00071396696,-0.024657343,,,
23.8335,23833.5,,0.00087758445,0.48573717,,,
23.86348,23863.48,,0.00083296146,0.36327922,,,
23.89346,23893.460000000003,,0.0007734642,0.15964143,,,
23.923439,23923.439,,0.00086271006,0.42329702,,,
23.953417,23953.417,,0.00074371556,0.056013875,,,
23.983397,23983.397,,0.00059497246,-0.39004803,,,
24.013376,24013.376,,0.0005503495,-0.56234497,,,
24.043356,24043.356,,0.00080321287,0.26109537,,,
24.073334,24073.334,,0.00066934404,-0.20923445,,,
24.103313,24103.313,,0.000951956,0.6986526,,,
24.133293,24133.292999999998,,0.00080321287,0.2242039,,,
24.163273,24163.273,,0.000996579,0.84415776,,,
24.19325,24193.25,,0.0007734642,0.15697633,,,
24.22323,24223.23,,0.0008329614,0.33279553,,,
24.25321,24253.21,,0.0009519559,0.73693013,,,
24.28319,24283.190000000002,,0.00074371556,0.051067393,,,
24.313168,24313.168,,0.0007883385,0.19034903,,,
24.343147,24343.146999999997,,0.00077346415,0.13994199,,,
24.373127,24373.127,,0.00084783573,0.39326683,,,
24.403107,24403.107,,0.00078833854,0.19795574,,,
24.433084,24433.084000000003,,0.00083296135,0.319583,,,
24.463064,24463.064,,0.00080321287,0.2565531,,,
24.493044,24493.044,,0.00071396696,-0.021794975,,,
24.523024,24523.024,,0.00092220743,0.6113782,,,
24.553001,24553.000999999997,,0.0006247211,-0.3272788,,,
24.582981,24582.981,,0.00080321287,0.22806154,,,
24.61296,24612.960000000003,,0.00080321287,0.23392576,,,
24.64294,24642.94,,0.0008032128,0.23600528,,,
24.672918,24672.917999999998,,0.0006395954,-0.27996406,,,
24.702898,24702.898,,0.00092220743,0.6028564,,,
24.732878,24732.878,,0.0007734641,0.13822514,,,
24.762857,24762.857,,0.0006842183,-0.13201481,,,
24.792837,24792.837,,0.00080321287,0.25175545,,,
24.822815,24822.815,,0.00046110366,-0.84806156,,,
24.852795,24852.795000000002,,0.00069909263,-0.079761826,,,
24.882774,24882.774,,0.0008924588,0.5216398,,,
24.912754,24912.754,,0.00075858994,0.11737323,,,
24.942732,24942.732,,0.0007734642,0.13052031,,,
24.972712,24972.712,,0.0006842183,-0.13176541,,,
25.002691,25002.691,,0.00068421825,-0.14134966,,,
25.032671,25032.671000000002,,0.00086271006,0.42481714,,,
25.062649,25062.649,,0.0007437156,0.06862497,,,
25.092628,25092.628,,0.0006395954,-0.30937502,,,
25.122608,25122.608,,0.000669344,-0.17923659,,,
25.152588,25152.588,,0.00072884123,0.0069893384,,,
25.182566,25182.566000000003,,0.0008032129,0.24138504,,,
25.212545,25212.545,,0.00072884123,0.008665879,,,
25.242525,25242.525,,0.00068421825,-0.12977146,,,
25.272505,25272.504999999997,,0.0008180871,0.3138964,,,
25.302483,25302.483,,0.00093708164,0.6592734,,,
25.332462,25332.462,,0.0007437155,0.06147601,,,
25.362442,25362.442000000003,,0.0008180871,0.26142302,,,
25.392422,25392.422,,0.0007883385,0.21196583,,,
25.4224,25422.4,,0.0008478358,0.3789198,,,
25.45238,25452.38,,0.00068421825,-0.12514645,,,
25.482359,25482.359,,0.00093708164,0.6785537,,,
25.512339,25512.339,,0.0008924587,0.5058244,,,
25.542316,25542.316,,0.0007585899,0.09660849,,,
25.572296,25572.296000000002,,0.0007734642,0.13993648,,,
25.602276,25602.275999999998,,0.00086271006,0.42688903,,,
25.632256,25632.256,,0.00068421825,-0.14541584,,,
25.662235,25662.235,,0.00046110366,-0.8400951,,,
25.692213,25692.213,,0.00074371556,0.08414528,,,
25.722193,25722.193,,0.0007437156,0.03691746,,,
25.752172,25752.172000000002,,0.00047597795,-0.80450016,,,
25.782152,25782.152,,0.0006544697,-0.22198421,,,
25.81213,25812.13,,0.0006247211,-0.315344,,,
25.84211,25842.11,,0.0007883385,0.18535542,,,
25.87209,25872.09,,0.00071396696,-0.055888753,,,
25.90207,25902.07,,0.00084783573,0.39655656,,,
25.932047,25932.047000000002,,0.00065446965,-0.23476219,,,
25.962027,25962.027,,0.0006395953,-0.27442107,,,
25.992006,25992.006,,0.00080321287,0.24385625,,,
26.021986,26021.985999999997,,0.00069909263,-0.10841626,,,
26.051964,26051.964,,0.00090733304,0.5874378,,,
26.081944,26081.944,,0.0007883385,0.17874795,,,
26.111923,26111.923000000003,,0.0005354752,-0.6014664,,,
26.141903,26141.903,,0.00080321287,0.24718036,,,
26.17188,26171.88,,0.000713967,-0.034973413,,,
26.20186,26201.86,,0.0006247211,-0.32133728,,,
26.23184,26231.839999999997,,0.0007883385,0.19498563,,,
26.26182,26261.82,,0.0008924587,0.5032154,,,
26.291798,26291.798,,0.0007139669,-0.045429144,,,
26.321777,26321.777000000002,,0.00072884123,0.0043988624,,,
26.351757,26351.756999999998,,0.00075858994,0.07702608,,,
26.381737,26381.737,,0.0006395953,-0.29051894,,,
26.411715,26411.715,,0.0008032128,0.26444265,,,
26.441694,26441.694,,0.00058009813,-0.48307642,,,
26.471674,26471.674,,0.00075858994,0.08876165,,,
26.501654,26501.654,,0.0006842183,-0.14980464,,,
26.531633,26531.632999999998,,0.00086271006,0.42951667,,,
26.561611,26561.611,,0.0005949724,-0.4313533,,,
26.59159,26591.59,,0.0007437155,0.055482503,,,
26.62157,26621.57,,0.00069909263,-0.09628159,,,
26.65155,26651.55,,0.00065446965,-0.24029599,,,
26.681528,26681.528,,0.00093708164,0.6839674,,,
26.711508,26711.507999999998,,0.0007883385,0.18131076,,,
26.741488,26741.488,,0.0008924587,0.5477904,,,
26.771467,26771.467,,0.00086271006,0.45877874,,,
26.801445,26801.445,,0.00072884123,0.0020723178,,,
26.831425,26831.425,,0.0006544697,-0.19822975,,,
26.861404,26861.404,,0.0006098467,-0.37031564,,,
26.891384,26891.384,,0.0007585899,0.095020495,,,
26.921362,26921.361999999997,,0.00087758433,0.45338678,,,
26.951342,26951.342,,0.00072884123,-0.0044490844,,,
26.981321,26981.321,,0.0007437155,0.036345243,,,
27.011301,27011.301,,0.00066934404,-0.21803181,,,
27.041279,27041.279,,0.00090733304,0.5606091,,,
27.071259,27071.259000000002,,0.0007883385,0.18850142,,,
27.101238,27101.237999999998,,0.00066934404,-0.1748775,,,
27.131218,27131.218,,0.00083296135,0.32890365,,,
27.161196,27161.196,,0.0005652238,-0.50902736,,,
27.191175,27191.175000000003,,0.00071396696,-0.051764507,,,
27.221155,27221.155,,0.0007734642,0.1316525,,,
27.251135,27251.135000000002,,0.00066934404,-0.18944877,,,
27.281113,27281.113,,0.0008329614,0.3230892,,,
27.311092,27311.091999999997,,0.0006842183,-0.12815699,,,
27.341072,27341.072,,0.00087758445,0.47684437,,,
27.371052,27371.052,,0.00071396696,-0.04764606,,,
27.401031,27401.031,,0.0008924587,0.55263734,,,
27.43101,27431.010000000002,,0.00077346415,0.16677591,,,
27.460989,27460.989,,0.0005949724,-0.3847592,,,
27.490969,27490.969,,0.0006395953,-0.27107686,,,
27.520948,27520.948,,0.00084783573,0.4015609,,,
27.550926,27550.926,,0.000713967,-0.04678472,,,
27.580906,27580.906,,0.00062472105,-0.337153,,,
27.610886,27610.886000000002,,0.0006098468,-0.35537136,,,
27.640865,27640.865,,0.00071396696,-0.06269296,,,
27.670843,27670.843,,0.0008032128,0.24786337,,,
27.700823,27700.823,,0.00068421825,-0.13853341,,,
27.730803,27730.803,,0.00083296146,0.34556994,,,
27.760782,27760.782,,0.00072884123,-0.0278076,,,
27.79076,27790.76,,0.00066934404,-0.1728469,,,
27.82074,27820.74,,0.00074371556,0.03899936,,,
27.85072,27850.719999999998,,0.0006990927,-0.11657938,,,
27.8807,27880.7,,0.00058009813,-0.45017326,,,
27.910677,27910.677,,0.0007585898,0.10867113,,,
27.940657,27940.657000000003,,0.0007734641,0.11273205,,,
27.970636,27970.636,,0.00058009813,-0.44919714,,,
28.000616,28000.616,,0.0006842183,-0.14344575,,,
28.030594,28030.594,,0.00080321275,0.24814746,,,
28.060574,28060.574,,0.0006842183,-0.14065716,,,
28.090553,28090.553,,0.00072884123,-0.024978003,,,
28.120533,28120.533,,0.0007139669,-0.04831792,,,
28.150513,28150.513,,0.00081808714,0.2991607,,,
28.18049,28180.489999999998,,0.0007883386,0.1864228,,,
28.21047,28210.47,,0.0005949724,-0.4163879,,,
28.24045,28240.45,,0.0007437156,0.05471362,,,
28.27043,28270.43,,0.0008032128,0.23953933,,,
28.300407,28300.407,,0.0006098468,-0.3623455,,,
28.330387,28330.387000000002,,0.00072884123,-0.003905422,,,
28.360367,28360.367,,0.0008180871,0.2903629,,,
28.390347,28390.346999999998,,0.00056522386,-0.52766204,,,
28.420324,28420.324,,0.0007734642,0.16088587,,,
28.450304,28450.304,,0.0008032128,0.23951276,,,
28.480284,28480.284,,0.00071396696,-0.048282266,,,
28.510263,28510.263,,0.00065446977,-0.23723453,,,
28.540241,28540.241,,0.0006842183,-0.13980474,,,
28.57022,28570.219999999998,,0.00066934404,-0.1936044,,,
28.6002,28600.2,,0.00083296146,0.32865503,,,
28.63018,28630.18,,0.00071396696,-0.044324227,,,
28.660158,28660.158,,0.00084783573,0.3512348,,,
28.690138,28690.138000000003,,0.00078833854,0.18678416,,,
28.720118,28720.118,,0.00083296146,0.3275238,,,
28.750097,28750.097,,0.0007883386,0.20546407,,,
28.780075,28780.075,,0.0008924588,0.5221635,,,
28.810055,28810.054999999997,,0.00069909263,-0.081796855,,,
28.840034,28840.034,,0.00050572655,-0.7062614,,,
28.870014,28870.014000000003,,0.0007139669,-0.06222425,,,
28.899992,28899.992000000002,,0.00074371556,0.055362567,,,
28.929972,28929.971999999998,,0.0006395954,-0.26881397,,,
28.959951,28959.951,,0.00068421836,-0.14965735,,,
28.989931,28989.930999999997,,0.00086271006,0.43644303,,,
29.01991,29019.91,,0.000624721,-0.337983,,,
29.049889,29049.889,,0.00068421825,-0.15233704,,,
29.079868,29079.868000000002,,0.0005503495,-0.55162376,,,
29.109848,29109.847999999998,,0.00060984684,-0.37118185,,,
29.139828,29139.828,,0.0007437156,0.0663654,,,
29.169806,29169.806,,0.0010560761,1.0165173,,,
29.199785,29199.785,,0.00071396696,-0.0360454,,,
29.229765,29229.765,,0.0007585899,0.089478,,,
29.259745,29259.745,,0.00056522386,-0.51592606,,,
29.289722,29289.722,,0.00080321275,0.20024773,,,
29.319702,29319.702,,0.0006842183,-0.1598075,,,
29.349682,29349.682,,0.0007139669,-0.05076541,,,
29.379662,29379.662,,0.00084783573,0.3939459,,,
29.40964,29409.64,,0.0007585899,0.11586099,,,
29.43962,29439.620000000003,,0.0006395954,-0.2758896,,,
29.469599,29469.599,,0.0006098468,-0.35625452,,,
29.499578,29499.578,,0.00071396696,-0.060376033,,,
29.529556,29529.556,,0.000669344,-0.18551913,,,
29.559536,29559.536,,0.00072884123,-0.0150727965,,,
29.589516,29589.516,,0.00066934404,-0.16328323,,,
29.619495,29619.495,,0.00081808714,0.24605195,,,
29.649473,29649.473,,0.00052060094,-0.656807,,,
29.679453,29679.452999999998,,0.0007883384,0.18387927,,,
29.709433,29709.433,,0.00072884123,0.007720126,,,
29.739412,29739.412,,0.00090733304,0.5630164,,,
29.76939,29769.390000000003,,0.00068421825,-0.13642877,,,
29.79937,29799.37,,0.0008627101,0.42730564,,,
29.82935,29829.350000000002,,0.0008329614,0.32975644,,,
29.85933,29859.33,,0.0007437156,0.043480854,,,
29.889309,29889.309,,0.00074371556,0.057781305,,,
29.919287,29919.287,,0.0007734642,0.1549965,,,
29.949266,29949.266000000003,,0.0005206008,-0.6519939,,,
29.979246,29979.246,,0.0006247211,-0.2955669,,,
